SMILES,0,1,2,3,4,5,6,7,NR-PPAR-gamma
C[C@H]1CC[C@@H]2[C@@H](C)[C@H]3[C@H](C[C@H]4[C@@H]5CC=C6CC(O[C@@H]7O[C@H](CO)[C@H](O)[C@H](O[C@@H]8O[C@H](CO)[C@@H](O)[C@H](O)[C@H]8O)[C@H]7O[C@H]7O[C@@H](C)[C@H](O)[C@@H](O)[C@H]7O)CC[C@]6(C)[C@H]5CC[C@]34C)N2C1,2.6255364264551107,0.31936552158001913,-0.7363834920442418,-0.24728278204932297,1.1948165062149345,-0.6972398968711816,1.2658201418432407,-0.3867967538259314,0.0
CCN1C(=CC=CC=Cc2sc3ccccc3[n+]2CC)Sc2ccccc21.[I-],-0.8915313691815263,-0.3163667741779587,-0.39550735953155913,1.188267002144918,1.4690298436747693,0.5838460331212657,-1.1623331210418988,0.9381569264101778,0.0
CCCCCCCCNC(C)C(O)c1ccc(SC(C)C)cc1,-0.388618737647694,-1.6016846459949625,0.47692180369794984,-0.7420371459625186,0.7430735308332567,0.5087027594728812,0.28673445230909594,0.13740833373756417,0.0
CN(C)c1ccc(C(=C2C=CC(=[N+](C)C)C=C2)c2ccc(N(C)C)cc2)cc1.[Cl-],-0.6887663151966962,-0.724775960784401,-0.6284561290245315,-0.11976276063998181,-0.7338805165065254,-0.5913975964272824,-0.47623134288134594,0.9769710340652008,0.0
Oc1ccc([Hg]Cl)cc1,-0.8387583413726791,-0.8086563311041476,-0.9213277052093443,-0.006445083245702336,-0.9604389430929772,-0.2297838578984667,-0.03517240042790878,-0.31971805586373425,0.0
CC(C)(C)CC(C)(C)c1ccc(OCCOCC[N+](C)(C)Cc2ccccc2)cc1.[Cl-],-0.9410022474688359,-0.21926101376095603,0.8593435803856793,0.5742456793891813,0.27892715166064225,-0.0149602371592237,-1.0761047107350548,0.5660847156462605,0.0
CCN(CC)CCOc1ccc(Cc2ccccc2)cc1,-0.8568205342611489,-0.3120161409700731,0.9087331576771899,0.42816170480246396,0.43479421857065986,0.21295110403296055,-1.6571818827980083,0.4966157368159987,0.0
Oc1cc(Cl)ccc1Oc1ccc(Cl)cc1Cl,-1.2156425507557396,0.5373565897387153,-1.0007765937835353,-1.447262257622045,-1.2492033028427394,-0.04211344591126151,-0.4173264794100446,-0.5611652535952917,0.0
CCN(CC)C(=O)c1cc(S(=O)(=O)Cc2ccccc2)c(N2CCC(c3ccccc3)CC2)cc1N(CC)CCN(C)C.O=C(O)C(F)(F)F,0.10510862925255028,0.8001064336749987,1.1810185092434093,0.9099080430069347,1.21132099560667,0.6506819196996967,-0.2289383613847555,-0.6051696671834496,0.0
O=c1[nH]c2ccccc2n1C1CCN(CCCC(c2ccc(F)cc2)c2ccc(F)cc2)CC1,0.0705508326804826,1.1251538470457607,-0.2597630181715146,1.694613302598767,2.323490800511273,0.7167226374074731,0.12533380807277403,-0.7619769756797473,0.0
CSc1nc2cc(Cl)c(Oc3cccc(Cl)c3Cl)cc2[nH]1,-1.0276248470321054,0.9036411799786604,-0.25756701328524934,-0.4391377454056865,-0.2576331124450537,-0.957494113610138,-0.46230688132808795,0.37031041697517214,0.0
Clc1ccc(C(Cn2ccnc2)OCc2ccsc2Cl)c(Cl)c1,-1.5403830894911876,2.2129894622246926,-1.5700060240774993,-3.1441901333814157,0.561015811866154,1.1487069688622682,0.08529883603177184,0.599473542426572,0.0
C=CC(=O)OCC(COC(=O)C=C)(COC(=O)C=C)COC(=O)C=C,0.11353175991557209,-1.3783283823475538,0.24055419348527035,-0.5728168191174594,-0.2765011503825696,0.4924251650906468,0.2916287486101282,0.007395668429812644,0.0
Cc1oc(-c2ccccc2)nc1CCOc1ccc(C[C@H](Nc2ccccc2C(=O)c2ccccc2)C(=O)O)cc1,-0.4139126082997232,0.8017529573130033,2.5066950327542408,0.8535631462506001,-0.3825741305581835,0.5388100832465109,-0.15217228019979973,0.5616662355024188,0.0
Oc1cccc(-c2c3nc(c(-c4cccc(O)c4)c4ccc([nH]4)c(-c4cccc(O)c4)c4nc(c(-c5cccc(O)c5)c5ccc2[nH]5)CC4)C=C3)c1,-0.6193701283700368,0.5264945953359262,-0.514971444856645,0.6225661747837301,-0.5377092443629132,-1.0242784248821284,0.14461263966895588,0.3846219534321721,0.0
Clc1ccc(COC(Cn2ccnc2)c2ccc(Cl)cc2Cl)cc1.O=[N+]([O-])O,-1.5199221590362926,2.2486995420770075,-1.1337765201362997,-3.376310984994844,-0.21014564900137386,1.6249749782048888,0.38098064372105606,0.5772274652432379,0.0
CCCC[Sn](Cl)(CCCC)CCCC,-0.35496174622442966,-2.167095250402443,-0.638240245598901,-0.9124920932184031,1.0270781099259927,0.0422486515975884,-0.4294772595481991,0.11212420955258183,0.0
[Hg+2].[I-].[I-],-0.4668021327946452,-1.387959394950174,-1.2687617150033923,0.08159695664739998,-0.07360834982505329,-0.43991664130622754,0.2094674481797285,0.38328902688487554,0.0
CC(=O)O[Hg]c1ccccc1,-0.33605847447890325,-0.3006061220736869,0.6509282343164093,0.9448860639629213,-0.7513082742500798,0.49711491172786987,-0.4279487940671908,-0.11057434759681131,0.0
CCCCCCCC[Sn](Cl)(Cl)CCCCCCCC,-0.2835146549222605,-2.288905998406668,-0.6333407733077547,-0.9992578431758372,1.11575726090414,0.1232277064765122,-0.5068791601820073,0.04895113648635516,0.0
CCC/C=C/C=C/C(=O)O[C@H]1/C(=C/C(=O)OC)C[C@H]2C[C@H]([C@@H](C)O)OC(=O)C[C@H](O)C[C@@H]3C[C@H](OC(C)=O)C(C)(C)[C@](O)(C[C@@H]4C/C(=C/C(=O)OC)C[C@H](/C=C/C(C)(C)[C@]1(O)O2)O4)O3,2.995831106321985,-0.0815320209715115,1.0480409455587416,-1.1799131382027712,0.7551100678058829,0.7312959134637652,1.3522328253762275,-0.07382857023180524,0.0
Clc1ccc(C(c2ccc(Cl)cc2)C(Cl)Cl)cc1,-1.0443235563897515,-0.037332633529790646,-1.5143024732902455,-0.4779073084245453,-0.44212469716226516,0.4212043342775746,-0.015011354618631841,-0.09086658462248624,0.0
CCN1C(=CC=CC=Cc2sc3ccccc3[n+]2CC)Sc2ccccc21.[Cl-],-1.0517596755347483,-0.27257975436151305,-0.41249373065329575,1.1103265921923313,1.5163002783118842,0.5311081981993361,-1.1310269236881219,0.9075996824935888,0.0
O=C(Nc1cccc(C(F)(F)F)c1)c1cc(Br)cc(Br)c1O,-0.688786072608961,0.11099233011902263,0.6005806689518207,0.5231624910025385,-1.7481919900714642,0.13441068989294527,0.8228817266144133,-0.6915350295512684,0.0
CN(C[C@@H](CC[N+]12CCC(C3CCCCC3)(CC1)CC2)c1ccc(Cl)c(Cl)c1)C(=O)c1cc(C(F)(F)F)cc(C(F)(F)F)c1.CS(=O)(=O)[O-],0.6613381578367498,0.8895784426545033,0.19364593499129212,-0.5394681480591613,0.05648751640727679,0.1984405609695723,0.5245382241363145,-0.9920104922441522,0.0
CC(C)C[C@@H]1NC(=O)[C@H](CCCN)NC(=O)[C@H](C(C)C)NC(=O)[C@@H]2CCCN2C(=O)[C@@H](Cc2ccccc2)NC(=O)[C@H](CC(C)C)NC(=O)[C@H](CCCN)NC(=O)[C@H](C(C)C)NC(=O)[C@@H]2CCCN2C(=O)[C@@H](Cc2ccccc2)NC1=O,0.14740590723048055,0.578787992690065,0.2501352175839613,1.3251239066398983,2.052300344350601,0.4967331842166262,0.44509796278304187,-0.6113017073746281,0.0
Oc1ccc([Hg]Cl)cc1,-0.8387583413726791,-0.8086563311041481,-0.9213277052093444,-0.006445083245700762,-0.9604389430929774,-0.22978385789846684,-0.03517240042790833,-0.31971805586373353,0.0
CC(CN1c2ccccc2Sc2ccccc21)N(C)C,-1.076314585846279,-0.09281742458886184,-0.3322793126967989,0.9906260364811241,1.1927673365434128,0.48431481926997455,-0.6087582559441307,0.8506488638161458,0.0
CCCOC/C(=N\c1ccc(Cl)cc1C(F)(F)F)n1ccnc1,-0.8655003087969062,1.0473950168130628,0.019382436815976137,-2.3225544696471765,0.33823939088605354,0.5320539809989017,-0.4456991953744159,0.3173755895418586,0.0
Oc1ccc(Cl)cc1Sc1cc(Cl)ccc1O,-1.2855259049667405,0.1493133266765239,-1.3403409316360253,-0.8475642694839712,-1.100934115235324,0.06968685926571085,-0.20342792475449736,-0.4761521713582248,0.0
CCCCCCCCCCCCCC[N+](C)(C)Cc1ccccc1.O.O.[Cl-],-0.8326715923731552,-1.351103286989572,0.14697204123219945,0.3682375870012911,1.0988255125768658,0.6632562891570499,-1.0613758924037708,0.28794458170999643,0.0
[Cl-].[Cl-].[Hg+2],-0.627030439147867,-1.344172375133729,-1.2857480861251285,0.0036565466948128536,-0.026337915187937704,-0.49265447622815667,0.24077364553350494,0.3527317829682853,0.0
CC(C)(C)c1ccc(C(=O)CCCN2CCC(OC(c3ccccc3)c3ccccc3)CC2)cc1,0.46210266065320954,0.51555780190662,1.1041159749850178,0.9572129830120834,1.1869821363545323,0.9357007261585955,-0.380915872843115,-0.6349770079912804,0.0
Clc1cc(Cl)c(OCC#CI)cc1Cl,-0.8295708752354419,-0.05962783651509563,-0.7940846451864713,-1.0875123293115958,-0.23128375742608812,-0.3505396743341688,-0.2156895447264624,-0.03124599080263582,0.0
N=C(NCCCCCCNC(=N)NC(=N)Nc1ccc(Cl)cc1)NC(=N)Nc1ccc(Cl)cc1,-0.9658125060854996,-0.07556791201887489,-0.8127437670853637,-0.9918554030770269,-0.3780790244699751,0.9246668443928827,0.09534938327190469,-0.4625547940427968,0.0
O=C1NCN(c2ccccc2)C12CCN(CCCC(c1ccc(F)cc1)c1ccc(F)cc1)CC2,-0.016276124040453678,0.866301508470749,-0.2977042257695527,1.4497511057469057,2.0427211865961445,0.7199176157971672,0.08917715375344948,-0.43273706438435094,0.0
Cc1ccc(-c2cc(C(F)(F)F)nn2-c2ccc(S(N)(=O)=O)cc2)cc1,-0.7349479910434149,0.26037398746300855,-0.03299686149157883,0.04768113704998984,-0.17970038724988685,-1.076374077082627,0.8658498782735373,0.6561041766901133,0.0
CN(C)c1ccc2nc3ccc(N(C)C)cc3[s+]c2c1.[Cl-],-1.092532333024923,-0.06596286225136148,-0.6405940950932127,-0.11920334796536126,-0.1825985980554252,-1.6633222219236128,-0.1937006760701998,1.5940044876980202,0.0
COc1cc2c(N3CCN(C(=O)Nc4ccc(OC(C)C)cc4)CC3)ncnc2cc1OCCCN1CCCCC1,-0.10508141815324926,1.6024418170653842,2.3434186317604935,-0.8479200398422293,1.3718257596910755,-1.6689721127098287,-0.06725568858819297,-0.10852975986590778,0.0
CCOC(=O)C1=C(C)NC(C)=C(C(=O)OCC)C1c1ccccc1/C=C/C(=O)OC(C)(C)C,0.3809445858118284,-0.2526503484113496,1.607188458262196,0.3438059310580864,0.061434402287804606,0.7473620201793052,-0.3629990931231811,-0.5542132488398626,0.0
CN(C)CCOc1ccc(/C(=C(/CCCl)c2ccccc2)c2ccccc2)cc1.O=C(O)CC(O)(CC(=O)O)C(=O)O,-0.4618730287709187,0.09662878952596589,1.7653328974143536,0.5551209695107759,-0.1215124126052942,0.6892943180798237,-1.5710204603342106,-0.2627294329049004,0.0
Oc1ccc(Cl)cc1Cc1ccccc1,-1.5477519699942213,0.4191895087044743,-0.9015249632834166,-0.15512251893496998,-0.7658277412241523,1.116549158674567,-0.7923415062029838,-0.5091491003429393,0.0
OCCN(CCO)c1nc(N2CCCCC2)c2nc(N(CCO)CCO)nc(N3CCCCC3)c2n1,-0.21593368490241707,-0.1942446021556041,-0.6702031473888721,0.06963870394600508,1.1205676438019796,-0.8201695406289764,0.27524137348380484,0.39166789173337707,0.0
[O-][n+]1ccccc1S[Zn]Sc1cccc[n+]1[O-],-1.1012585010264508,-0.5871783235139345,-0.9548420985531421,1.1923652010075354,0.032685169776089214,0.12723480412078808,-0.06855702299339261,0.244304395688998,0.0
O=c1oc2ccccc2c(O)c1C(CC(O)c1ccc(-c2ccc(Br)cc2)cc1)c1ccccc1,-0.6576163682070737,-0.0378273473301429,0.003181043577072729,1.5732820131768084,-0.008748631340609388,1.2197221575998785,0.9307980126491457,-0.28330159102163194,0.0
C=C(C)C(=O)O[Sn](CCCC)(CCCC)CCCC,0.37338079488543213,-2.0759887118723057,0.6731343994698386,-1.0471315248793946,0.5873651744945877,0.38231497689244565,-0.24290866250090187,-0.1446997710502928,0.0
O=S1(=O)CC(Cl)(Cl)C(Cl)(Cl)C1,-0.06657445409962659,-0.8706018219660393,-1.3610217735845664,0.00865076131749924,0.0606193858585865,-0.33869071716991,0.3173307565983699,-0.3763854780652519,0.0
Oc1ccc(Cl)cc1Sc1cc(Cl)ccc1O,-1.2855259049667405,0.1493133266765239,-1.3403409316360253,-0.8475642694839712,-1.100934115235324,0.06968685926571085,-0.20342792475449736,-0.4761521713582248,0.0
CC(C)(C)c1ccc(O)c(C(C)(C)C)c1,-0.7779373330494334,-0.686645450086056,-0.40852129202210485,-0.019786084436661723,-0.938136728004652,-0.7694517130895995,0.08339403687364731,-0.0195769441997353,0.0
CCOC(=O)C1=C(C)NC(C)=C(C(=O)OC)C1c1cccc(Cl)c1Cl,0.18396787922603622,0.512701717660919,1.3182356738663985,-0.6856583729052811,-0.33807678405446145,0.6415186940383271,-0.5657962849961344,-1.038144678878914,0.0
C=CC(=O)O[Sn](CCCC)(CCCC)CCCC,0.26853595178621653,-2.2164941372626035,0.6937555995618673,-1.1345077076895231,0.651461226136387,0.510299597087051,-0.20962203019309456,-0.15025724824857956,0.0
CCCCCCCCCCCCN.Cl,-0.27405848236899144,-2.2753221475788568,-0.3419904808389479,-0.7265271071267088,1.2088997583605743,-0.1388855531108086,-0.2765292109817408,0.15977721382336144,0.0
Clc1ccc(C(Cn2ccnc2)OCc2c(Cl)cccc2Cl)c(Cl)c1,-1.9010560453366412,2.226153080313609,-1.4215905396816924,-2.82377281205857,0.3618453097517079,1.3458819425224118,-0.15924743095851557,0.6699990598735077,0.0
O=C1C(Cl)=C(Cl)C(=O)c2ccccc21,-0.9227609416460062,0.16679210116480853,-0.9793364637467488,0.7982008473412211,-0.16317481701255993,0.7099825701233045,-0.0015860624181818074,-0.31357605689850154,0.0
CCCC[Sn](CCCC)(CCCC)OC(=O)c1ccccc1,-0.2424832808844204,-1.270728391988715,1.384977985953655,0.20774542832235196,0.3176398473643116,1.2382626183590706,-0.8718012056418939,-0.2515071084602491,0.0
CCOC(=O)C1=C(COCCN)NC(C)=C(C(=O)OC)C1c1ccccc1Cl.O=S(=O)(O)c1ccccc1,0.004609162446398788,0.7030369669880042,1.8453692675917628,-0.2829269236972788,-0.13747943965520654,1.2175830315022973,-0.804721658869281,-1.2449882094564595,0.0
Clc1ccc(CCC(Cn2ccnc2)Sc2c(Cl)cccc2Cl)cc1.O=[N+]([O-])O,-1.4024673943349233,1.6842203105212943,-0.9837332716464352,-1.982059111047758,-0.12338759227761488,1.6821657046353238,0.3640949237700811,0.16903061145686402,0.0
CC(C)(C)c1cc([N+](=O)[O-])cc(C(C)(C)C)c1O,-0.2245148067095359,-0.6397499862690933,-0.431095734540504,-0.1277055985188028,-1.31113002413942,-0.6003279206952797,0.6695898171570389,-0.19769002797701066,0.0
Cc1cccc(N(C)C(=S)Oc2ccc3ccccc3c2)c1,-0.9323680834862784,-0.011444915346811947,0.5714451306656135,0.7509718031994972,-0.6161582725724627,-1.2712572112009126,-0.9680813982081053,0.5241962809049169,0.0
O=[N+]([O-])c1ccc(O/N=C/c2cc(Br)c(O)c(Br)c2)c([N+](=O)[O-])c1,-0.5449752829883279,-0.2444711279120309,-0.07762172536397556,-0.2631229642371395,-1.6717032412440755,-0.6061119427642305,0.6974445660479862,-0.2399249868571271,0.0
C=CCOC(Cn1ccnc1)c1ccc(Cl)cc1Cl,-1.7357694999747497,1.9138690596376613,-1.5017660338677172,-3.200647044451997,0.4061327811145434,1.1343762710306486,0.14108301943591567,0.8645831870727041,0.0
COP(=S)(OC)Oc1ccc(Sc2ccc(OP(=S)(OC)OC)cc2)cc1,-0.5770543920636955,-0.5715114789089698,0.2496839059395087,-0.07739045446073736,-0.23597542322412435,-1.1372017657448388,-0.5370071515069287,0.3532334721912207,0.0
CC[Hg]Sc1ccccc1C(=O)[O-].[Na+],-0.41780420356679865,-0.6103270106128666,0.6939195779063683,0.6464567479748449,-0.3087623371151732,0.998867070843439,0.0004210475028351227,0.02646344587547383,0.0
CN1CCC(=C2c3ccccc3Sc3ccccc32)CC1.O=C(O)/C=C\C(=O)O,-0.3376430576173496,0.5105739481266037,0.15506576123163185,1.6727971751757191,0.6424367842162642,0.45554159632527697,-0.4845126560959197,-0.6097255656595146,0.0
CCN1C(=CC=Cc2ccc3ccccc3[n+]2CC)C=Cc2ccccc21.[I-],-0.6548833616090276,-0.3224894237124274,-0.33308013738880554,1.0319421831800095,1.1219397074673854,0.32589391380751664,-0.9723919432887647,1.3157253730831961,0.0
[O-][n+]1ccccc1S[Zn]Sc1cccc[n+]1[O-],-1.1012585010264508,-0.5871783235139345,-0.9548420985531421,1.1923652010075354,0.032685169776089214,0.12723480412078808,-0.06855702299339261,0.244304395688998,0.0
C[C@@H](O[C@H]1OCCN(CC2=NC(=O)N=N2)[C@H]1C1CCC(F)CC1)c1cc(C(F)(F)F)cc(C(F)(F)F)c1,0.7078267682895716,0.9197423214260134,-0.05482403880048484,-0.14524300891339065,1.6811129957845157,-0.6924462881347989,1.2381533850006936,0.13089595631862996,0.0
Cc1cc2c(C(C)C)c(O)c(O)c(C=O)c2c(O)c1-c1c(C)cc2c(C(C)C)c(O)c(O)c(C=O)c2c1O,-0.4076635224212602,-0.5848932667912423,-0.05733175745892436,-0.1593940759556734,-0.7812860767405968,-0.49036059434241663,1.0010374452092408,0.1345640817989428,0.0
CCCC[Sn](CCCC)(CCCC)O[Sn](CCCC)(CCCC)CCCC,-0.1841590180777376,-2.2336124369670785,-0.18408922284773793,-0.9356797795723314,1.07764524215019,-0.1053146987024504,-0.5073314051126145,0.2586594599877193,0.0
O=C1C2CC=CCC2C(=O)N1SC(Cl)(Cl)Cl,0.22590709367449222,-0.1397561519045555,-1.3713005019731106,0.269316078465047,0.48121640999124066,-0.18296798438796016,0.5448550045572657,-0.3509286661705776,0.0
Oc1c(Cl)cc(Cl)c(Cl)c1Cc1c(O)c(Cl)cc(Cl)c1Cl,-0.8538598049468538,-0.3128919897480955,-1.1157465079842694,-0.8652970888655536,-0.7876549975939795,-0.06344350504611249,-0.002799544451222437,-0.3295408180048255,0.0
O=[N+]([O-])c1c(Cl)cccc1-c1c[nH]cc1Cl,-0.9750730001200337,0.283428190230971,-0.6714950599144464,0.1673048205953966,-0.5361414401944067,0.6658479542169831,0.1091413265053899,-0.6043342919270716,0.0
C[C@]12CC[C@H](O)C[C@H]1CC[C@@H]1[C@@H]2CC[C@]2(C)[C@@H](c3ccc(=O)oc3)C[C@H]3O[C@]132,2.231117778436368,0.43011328684119676,-1.0898082888806058,0.5695934374115906,0.11250171336939295,-0.6492094685022501,0.372470811001575,-1.3613796219523289,0.0
COc1cc(/C=C/C(=O)CC(=O)/C=C/c2ccc(O)c(OC)c2)ccc1O,-0.23614456101563078,-0.3224147899130639,1.1585346632400841,-0.616287276602334,-1.0090650395814633,-0.6146832280142474,-0.14366752340380848,-0.03768163714963177,0.0
S=C(SSC(=S)N1CCCCC1)N1CCCCC1,-0.19147672176975952,-0.8708167646748259,-0.8922563421267877,-0.050166266039325634,0.8178491911289203,-0.44318687595305717,0.13041182425607886,-0.020441504125191197,0.0
CC[n+]1c(-c2ccccc2)c2cc(N)ccc2c2ccc(N)cc21.[Br-],-0.9554812893147807,-0.47358717801382977,0.16270522839591087,0.940591941379994,0.36698530085991843,0.19013438464691634,-0.36475497385238087,0.635843409607878,0.0
Cc1cc(-c2ccc(N=Nc3c(S(=O)(=O)[O-])cc4cc(S(=O)(=O)[O-])cc(N)c4c3O)c(C)c2)ccc1N=Nc1c(S(=O)(=O)[O-])cc2cc(S(=O)(=O)[O-])cc(N)c2c1O.[Na+].[Na+].[Na+].[Na+],-0.6094824062135314,-0.2864965183892872,0.23950421930721486,0.09787846632707708,-1.1745447936149673,-0.9485638053259662,1.3425302124576426,0.5244601822995562,0.0
CC(O)C(=O)O[Hg]c1ccccc1,-0.3698077095246109,-0.33408613134197773,1.0172729166366457,0.820447996973607,-0.5475880528955207,0.885276416542803,0.08724428338103073,0.07741574462537179,0.0
CC1(COc2ccc(CC3SC(=O)NC3=O)cc2)CCCCC1,0.9918392682367236,0.4191842133483721,0.573444363264291,0.061774169063789804,0.38811219347924203,-0.9049026390558025,-0.43329240636719524,-0.7355110060795367,0.0
O=C1CCc2ccc(OCCCCN3CCN(c4cccc(Cl)c4Cl)CC3)cc2N1,-0.10466482900638241,1.863014981996072,-0.062444103790942056,-0.18061244599769868,1.593735867197043,-0.47056104077430316,-1.2088043651792646,-0.9909607460925804,0.0
CN1CCN2c3ccccc3Cc3ccccc3C2C1,-0.4224675493694706,0.4528225648247912,-0.7404821826343773,1.3051580739556334,1.322138369077522,-0.28900494467710747,-0.5911108675131442,-0.2596638490181146,0.0
N#CSCSC#N,-0.47443125178827644,-1.4086687869517815,-1.0659181134465892,-0.1372905368351376,0.266460888460317,-0.23860498492960472,0.10927414755643644,0.42475277366262376,0.0
COc1cc2nc(N3CCN(C(=O)c4ccco4)CC3)nc(N)c2cc1OC,-0.17651177788148822,1.4009106404034735,1.4031512191119015,0.17752636829911075,0.5754938530293765,-1.63889502782204,0.10900950407342908,0.3533932460448295,0.0
CC(=O)O[C@H]1C[C@H](O[C@H]2[C@@H](O)C[C@H](O[C@H]3[C@@H](O)C[C@H](OC4CC[C@@]5(C)C(CC[C@@H]6[C@@H]5CC[C@]5(C)[C@@H](C7=CC(=O)OC7)[C@@H](O)C[C@]65O)C4)O[C@@H]3C)O[C@@H]2C)O[C@H](C)[C@H]1O[C@@H]1O[C@H](CO)[C@@H](O)[C@H](O)[C@H]1O,3.7414943454718195,0.4498901425968433,-0.1759310879023414,-0.2495006790397006,0.47453282944523106,-0.35812914237387145,1.3197918440093859,-1.11261463471902,0.0
O=C1Cc2cc(CCN3CCN(c4nsc5ccccc45)CC3)c(Cl)cc2N1,-0.6720075245197137,2.1037227542967036,-0.67881707764502,0.7310236205661632,1.8396018426114518,0.12409598584160719,-0.2256877359591313,-0.6403203318433326,0.0
CCOC(=O)C1=C(COCCN)NC(C)=C(C(=O)OC)C1c1ccccc1Cl.O=S(=O)(O)c1ccccc1,0.004609162446398788,0.7030369669880042,1.8453692675917628,-0.2829269236972788,-0.13747943965520654,1.2175830315022973,-0.804721658869281,-1.2449882094564595,0.0
Oc1c(Cl)cc(Cl)c2cccnc12,-1.4045962706421249,0.7376917501117581,-0.830511470205554,-0.2274416827892231,-0.8646189427591772,-0.557114937003109,-0.059684511733075846,0.27568383051736667,0.0
c1ccc(-c2ccc(C(c3ccccc3)n3ccnc3)cc2)cc1,-1.4285452909277871,0.6024167617183013,-0.6698144920496198,0.7881947401616884,0.4663723240409587,0.5497974508624559,0.259782779584119,0.6789267125020925,0.0
CC(=O)OCC(=O)[C@@]12N=C(C)O[C@@H]1C[C@H]1[C@@H]3CCC4=CC(=O)C=C[C@]4(C)[C@H]3[C@@H](O)C[C@@]12C,4.5293588047022615,0.772412266898133,-0.7001540941773163,0.021218084022739198,-0.7073692721017046,0.42274707637234377,-0.6622896663500517,1.7542199198636172,0.0
CC(=O)OCC(=O)[C@@]12OC(C)(C)O[C@@H]1C[C@H]1[C@@H]3C[C@H](F)C4=CC(=O)C=C[C@]4(C)[C@@]3(F)[C@@H](O)C[C@@]12C,4.352317446106741,0.7796940355325984,-0.4892588636067581,-0.018893304120325846,-1.2007125410402213,0.7627477681888292,-0.9052658203056586,2.542553125929688,0.0
C/C=C1\NC(=O)[C@H]2CSSCC/C=C/[C@H](CC(=O)N[C@H](C(C)C)C(=O)N2)OC(=O)[C@@H](C(C)C)NC1=O,0.8971855367586429,-0.046389840285979485,-0.6128576278492242,0.45199681581658235,1.0020374932613563,-0.2652021555157287,1.7560329146016547,-0.2146518702600881,0.0
CC(C)c1ccc2oc3nc(N)c(C(=O)O)cc3c(=O)c2c1,-0.28702138880233846,0.35771855953137893,0.8142452449624604,0.3965836156492485,-0.5865651055278556,-0.23064445022768487,1.5018721870434775,0.4415522067333866,0.0
CCCCNC(=O)OCC#CI,0.29357475524982285,-1.8849044765203395,0.8741147905578344,-1.1611053134430132,0.3876728713978067,0.5479780940581129,-0.09747411096183108,-0.133612001096802,0.0
CC/C(=C(\c1ccccc1)c1ccc(OCCN(C)C)cc1)c1ccccc1.O=C(O)CC(O)(CC(=O)O)C(=O)O,-0.38338150269946775,-0.2029444705415749,2.0725180790257425,0.5756352061211139,0.05944705094565675,0.6428793909154991,-1.528427900602547,-0.01602828174649849,0.0
CC(C)(C)c1csc(-c2cc3cc(OCc4ccccc4CC(=O)O)ccc3o2)n1,-0.5373025497871485,0.7357675404371464,1.750383762797279,0.43472070767852766,-0.37795503865287244,0.03719881856287435,-0.13301395461895893,0.6590633739123076,0.0
CCc1cc(SCc2sc(-c3ccc(C(F)(F)F)cc3)nc2CN2CCN(c3ccc(OC)cc3)CC2)ccc1OCC(=O)O,-0.03268530842536142,1.5535374654694105,2.518015362212079,-0.5877431282870035,0.9637139029382196,-1.4467530165069953,-0.42197520411482203,0.9122370396712415,0.0
COC(=O)[C@@]1(C)[C@H](C)C[C@H]2[C@@H]3CCC4=CC(=O)C=C[C@]4(C)[C@H]3[C@@H](O)C[C@@]21C,3.952566148916617,0.4552838071976412,-0.7105624451028701,0.20556335479982155,-0.9671975848997694,-0.07259965857069046,-0.4309298357526014,0.8126915962471187,0.0
C[C@@]12C(=O)OC(=O)[C@]1(C)C1CCC2O1,1.23260933028173,-0.4591101426058948,-1.1501652420867636,0.38556211696691106,0.35270987239740165,-0.6592732609693609,0.7046945678292735,-0.45076772058793524,0.0
C=CC(=O)OCC(O)COc1ccccc1,-0.407991072698901,-0.28586432686103685,1.2380538385598756,0.4367588349226172,-0.2837545229698935,1.1296021423021174,-0.12717982129530056,-0.001910938501396494,0.0
CC(=O)OCC(=O)[C@@]12OC3(CCCC3)O[C@@H]1C[C@H]1[C@@H]3CCC4=CC(=O)C=C[C@]4(C)[C@@]3(F)[C@@H](O)C[C@@]12C,5.0263361721021536,0.9049357844690606,-0.7784463943969528,0.13566055218158826,-1.1056527133815512,0.8365344822273947,-1.3444163825024895,2.2480870261334736,0.0
CCCC[Sn](Cl)(CCCC)CCCC,-0.35496174622442966,-2.167095250402443,-0.638240245598901,-0.9124920932184031,1.0270781099259927,0.0422486515975884,-0.42947725954819915,0.11212420955258183,0.0
CCN(CC)CCOc1ccc(C(=C(Cl)c2ccccc2)c2ccccc2)cc1,-0.6201372422777182,-0.17055290410802706,1.0647436759388391,0.2036734150978246,0.037341974623538436,0.5540683859282373,-1.7329761301850768,0.32906998680204164,0.0
Cl.Cl.O=C1c2c(O)ccc(O)c2C(=O)c2c(NCCNCCO)ccc(NCCNCCO)c21,-0.3637063152521043,-0.48891038394964126,-0.34808423000327116,0.07838237600287426,-0.5792454690756895,0.13313966064926502,0.6212442503844957,-0.18405044803381113,0.0
CC(C(=O)O)c1ccc(C(=O)c2ccccc2)s1,-0.5706826458798068,-0.3452125960377704,0.8502493642624095,1.1765175275873005,-0.6221341180126168,0.83790636577939,0.2740112546341954,0.03160046251839179,0.0
O=C([O-])C[C@H](O)CC(O)/C=C/c1c(C2CC2)nc2ccccc2c1-c1ccc(F)cc1.O=C([O-])C[C@H](O)C[C@H](O)/C=C/c1c(C2CC2)nc2ccccc2c1-c1ccc(F)cc1.[Ca+2],-0.012531975850391792,0.9346718502379644,0.8014444479369551,1.3250155098081648,0.6655823193690666,0.8092577928136746,0.9547495682865282,0.04672383571186772,0.0
Clc1ccc(C(Cn2ccnc2)OCc2csc3c(Cl)cccc23)c(Cl)c1.O=[N+]([O-])O,-1.7953205287927967,2.764332285774516,-0.9016379086753141,-2.9901741012968164,-0.022000454077075175,1.7134026650032137,0.39550162773892517,0.5514460973937316,0.0
C(=Cc1ccncc1)c1ccccc1,-1.2443393679203096,-0.2078983314738378,-0.6154667588013141,1.0474244706676246,-0.0744461057125001,0.1258237857490413,-0.1481186003549893,0.5700271310158083,0.0
CC(=O)O[Hg]c1ccccc1,-0.33605847447890325,-0.3006061220736869,0.6509282343164093,0.9448860639629213,-0.7513082742500798,0.49711491172786987,-0.4279487940671908,-0.11057434759681131,0.0
CCc1cc(Cc2cc(CC)c(N)c(CC)c2)cc(CC)c1N,-0.4224015204162261,-0.8888324030827047,-0.11986972185741103,-0.33021087897900014,0.10788768568790455,-0.35215187292313166,0.0965252710480748,0.3482033060528906,0.0
CCCCOCCOP(=O)(OCCOCCCC)OCCOCCCC,0.16506257669515428,-1.8441829802067158,0.3116946512813108,-0.9629301914591566,0.9637752290361649,-0.08288778789731284,-0.48401079608143965,-0.09738290206727687,0.0
CCOc1ccc(Cc2nccc3cc(OCC)c(OCC)cc23)cc1OCC.Cl,-0.7622313995153931,0.21423607786919885,0.581754707561059,-0.7887436388393017,0.3780912089029304,-1.369907544020276,-0.5281743161439387,1.434006701181732,0.0
Cl[Hg]c1ccccc1,-1.15876189510247,-0.41606259365673204,-0.8542669739924428,1.0949753651489753,-0.336137472306588,0.3507748748625081,-0.3548962373488334,-0.05124290560386829,0.0
Cc1nc2ccccc2n1Cc1ccc(Cl)cc1,-1.265321733592815,0.9539237357351049,-0.6600982481707268,0.136487744733595,0.7384015783793536,0.27054903678445086,-0.7677386489242416,0.46916337548608156,0.0
F[Sn](c1ccccc1)(c1ccccc1)c1ccccc1,-1.0045783914227613,-0.49305146797940974,-0.7120847988749166,1.245467642167303,-0.18692003707967278,0.2331149018322837,-0.23435416948985838,0.19109565602637912,0.0
CCCCC[C@H](O)/C=C/[C@@H]1[C@@H](C/C=C\CCCC(=O)O)[C@@H](O)C[C@H]1O.COC(N)(CO)CO,1.5599619922473493,-1.5936426916428452,1.2479362186251817,-0.9298686579326573,1.524041540931135,0.9701130938863509,0.8778452171519242,0.008572264100208438,0.0
CC(=O)O[C@H]1C(=O)[C@@]2(C)[C@H]([C@H](OC(=O)c3ccccc3)[C@]3(O)C[C@H](OC(=O)[C@H](O)[C@@H](NC(=O)c4ccccc4)c4ccccc4)C(C)=C1C3(C)C)[C@]1(OC(C)=O)CO[C@@H]1C[C@@H]2O,2.004579248456397,1.0331032730289615,1.4793442293254966,1.333276524434462,-0.6699995307498952,1.192842958278734,0.334093169118612,-0.6050896590594996,0.0
Cc1cc(SCc2sc(-c3ccc(C(F)(F)F)c(F)c3)nc2C)ccc1OCC(=O)O,-0.35375093213363523,0.7485321685807739,1.808501174150282,-0.37671787117768046,-0.4552980574566016,-0.7145653829297453,0.12041155130553738,1.0588434010812602,0.0
Oc1ccc2[nH]cc(CCCCN3CC=C(c4ccccc4)CC3)c2c1,-0.8183336257719996,0.4924901982873561,-0.19353532118619382,1.138216926812441,0.9831327210064669,0.01676639385973534,-0.45709825384614006,-0.41974204012933714,0.0
Cc1cc(C)c(C=C2C(=O)Nc3ccccc32)[nH]1,-0.45262428781987896,0.2343669674355765,-0.4234030011745752,1.235154257361915,-0.04926907021044872,-0.2369351886723785,-0.03679893767097146,-0.06448506361106471,0.0
CN(Cc1cc(Br)cc(Br)c1N)C1CCCCC1.Cl,0.05401909740639627,-0.4041809127689817,-0.6860994022031874,0.10288884188317947,0.47089476332750213,-1.0717651008741347,0.13924280445143095,0.08457549652676104,0.0
C=CCOC(Cn1ccnc1)c1ccc(Cl)cc1Cl,-1.7357694999747497,1.9138690596376613,-1.5017660338677172,-3.200647044451997,0.4061327811145434,1.1343762710306486,0.14108301943591567,0.8645831870727041,0.0
CCCOc1ccc2[nH]c(NC(=O)OC)nc2c1,-0.23120158113572095,0.28336791216819984,2.198407556009915,-0.854031575900411,0.014112013477185638,-1.2324150981622,-0.4833966232732425,0.5786726270231534,0.0
O=C1C(Cl)=C(Cl)C(=O)c2ccccc21,-0.9227609416460062,0.16679210116480853,-0.9793364637467488,0.7982008473412211,-0.16317481701255993,0.7099825701233045,-0.0015860624181818074,-0.31357605689850154,0.0
C=CCOC(Cn1ccnc1)c1ccc(Cl)cc1Cl.O=S(=O)(O)O,-1.4909780981124263,2.0307608876987446,-0.9936030847513275,-3.3237360646070626,0.14408397534535577,1.444307460222986,0.4817142005475836,0.6319795986869614,0.0
O=C(O)c1ccc([Hg]Cl)cc1,-0.4921056084277189,-0.5754456730435398,-0.0685616585299516,0.346761906489274,-1.0385414274840559,0.42588902390522687,0.07199828023287792,-0.3910227262613308,0.0
CCC(C)(C)c1ccc(O)c(C(C)(C)CC)c1,-0.5817954741121031,-0.8028134531128821,-0.11803274114688465,-0.3560055755191926,-0.45504463924962485,-0.39513856527869573,-0.2058105594585971,0.20639513793399186,0.0
CC1=C(/C=C/C(C)=C/C=C/C(C)=C/C(=O)O)C(C)(C)CCC1,1.0207824881899454,-0.7747238049765723,-0.18706819013593826,0.523529463296015,-0.5653539961891259,-0.4097664940593418,0.16641192429803667,-0.8207961682701903,0.0
Cc1ccc(OP(=O)(Oc2ccc(C)cc2)Oc2ccc(C)cc2)cc1,-0.4501665432847983,-0.47243898434854387,0.23045213520396754,0.03625484060160805,-0.4565721932061055,-0.8161523762692384,-0.23316408014523457,0.1116644323101504,0.0
CC(C)(C)NCC(O)c1cc(Cl)c(N)c(Cl)c1,-0.6452382180901103,-0.1665524911470124,-0.31804627265497804,-1.0188817926955664,-0.4202919283403733,0.15357031214238318,0.5954156835437822,0.04330420269748488,0.0
CCCCCCCCn1cc[n+](C)c1.O=S(=O)([N-]S(=O)(=O)C(F)(F)F)C(F)(F)F,0.16599992760441037,-1.6715637380537838,-0.3201056138011082,-1.1347219342048267,1.9894773014217204,0.29436095813438595,-0.23421834084494408,0.3587414475837209,0.0
CC1=C(/C=C/C(C)=C/C=C/C(C)=C/C(=O)O)C(C)(C)CCC1,1.0207824881899454,-0.7747238049765723,-0.18706819013593826,0.523529463296015,-0.5653539961891259,-0.4097664940593418,0.16641192429803667,-0.8207961682701903,0.0
O=C(CCl)CCl,-0.10943782057742435,-1.0876639738788474,-0.4562529796600398,-0.43549616653393464,-0.3415775007677905,0.48414981014343844,0.23991737253346807,-0.15923464447881686,0.0
COc1cc(C(=O)NC2CCN(C)CC2)ccc1Nc1ncc2c(n1)N(C1CCCC1)CC(F)(F)C(=O)N2C,0.8111036170887684,1.9259887167929564,1.2875927188823026,0.03054439219356309,0.5640631486335851,-1.8698460328634838,0.04776814865681453,-0.761865414571592,0.0
O=C([O-])c1ccccc1-c1c2cc(I)c(=O)c(I)c-2oc2c(I)c([O-])c(I)cc12.[Na+].[Na+],-0.453741177187034,0.32746790222521405,0.04209781086198622,1.1682997930299506,-1.0059922676836706,0.6767871533108548,0.9794346977026781,-0.27425915169174153,0.0
CCCC(=O)OC[C@@H](OC(=O)CCC)[C@@H](OC(=O)CCC)[C@H](Cn1c2nc(=O)[nH]c(=O)c-2nc2cc(C)c(C)cc21)OC(=O)CCC,0.4987305903514242,0.21100954123067017,1.3432147442585216,-0.688952137742375,0.817635228471813,-0.028006791533112595,0.48202329465844224,0.9129411840307348,0.0
Nc1ccc(Nc2ccccc2)cc1,-1.175007108862687,-0.3417377291122532,-0.3974543091061739,1.226686758371233,-0.5330967153057378,0.2830623102170833,0.2251918433294897,0.152022265378701,0.0
O=C(NC(=O)c1c(F)cccc1F)Nc1ccc(OC(F)(F)C(F)OC(F)(F)F)c(Cl)c1,-0.7998256711138803,1.1208883984591016,0.6310926525801706,-0.6651490209961836,-1.2149737214645266,0.4674238597847443,0.5649428404915374,-0.6852856540179643,0.0
CCCCCCCCn1cc[n+](C)c1.O=S(=O)([O-])C(F)(F)F,-0.047403732907366804,-1.6842874025663859,-0.22125005847199117,-1.1131875450694322,1.9459134826731288,0.39770840462101525,0.1169605657226061,0.37717046445290336,0.0
C=CC(OCC)OCC,-0.2589958861537717,-1.5671731371730315,-0.22912113736569947,-0.7766033425922015,0.6213515476796674,-0.002161465524211133,0.03760279241825979,0.551186774697006,0.0
CC(C=O)Cc1ccc(C(C)(C)C)cc1,-0.44043717540995037,-0.6756962846031955,0.0864248472892483,0.06135997655320325,0.1535083704383366,0.14214346857195645,0.3697057267418709,0.5226810486773162,0.0
O=[N+]([O-])c1cccc2ccccc12,-1.0775580465326775,-0.11348586486681558,-0.5334875914911582,1.1970916278799926,-0.6211964446554443,0.057138215429762065,0.440068638489133,0.2638131943461814,0.0
[O-][n+]1ccccc1SSc1cccc[n+]1[O-],-1.106342657845597,-0.5473588287637489,-0.9391623327798235,1.1829602971918014,-0.02197519251825996,0.11563454613718203,-0.10188537239795557,0.24716466016830754,0.0
Cc1cc2nc3ccc(N(C)C)cc3[s+]c2cc1N.[Cl-],-1.116935508542059,-0.025824069444059784,-0.4695297535282452,-0.08873483070077423,-0.28116264951851666,-1.909247288502393,0.11844137215810412,1.6537267934623792,0.0
O=[N+]([O-])c1ccc(O)c2ncccc12,-1.1589538878570302,0.3260598704689697,-0.34075562928662045,0.41756880159059023,-0.7220870359809131,-0.3469971121723378,0.7475610394858461,0.41407795058360675,0.0
O=[N+]([O-])c1cc(C(F)(F)F)c(Cl)c([N+](=O)[O-])c1Nc1ncc(C(F)(F)F)cc1Cl,-0.9615812966985464,0.5588868708876681,-0.6597521033970237,-0.9671915110044448,-0.9945860047409705,-0.5281547142085531,1.0873335772131447,-0.19121429404350657,0.0
CC[C@H](C)C(=O)O[C@H]1C[C@@H](C)C=C2C=C[C@H](C)[C@H](CC[C@@H]3C[C@@H](O)CC(=O)O3)[C@H]21,1.7934254696295209,-0.5114484138787649,0.6782956353146727,-0.4607480998769474,0.8045503648051294,0.5416438431405606,1.2728158403488257,0.06462128356349532,0.0
CCC(C)(C)c1ccc(CC(C)CN2C[C@@H](C)O[C@@H](C)C2)cc1,0.20799024167339675,-0.19228161053495338,-0.18435207306384901,-0.04877283420721802,1.2999937131473904,-0.06906911587413797,0.4453486620492433,0.47075794228972856,0.0
CCN(CC)C(=S)SSC(=S)N(CC)CC,-0.3048483249191053,-1.652467024174442,-0.40812679933763635,-0.47562946366525966,0.40913820662342426,-0.28084462362221674,-0.06576951871568126,0.46289970106183637,0.0
COc1ccc(C(=O)/C(Br)=C\C(=O)O)cc1,-0.07519488221731799,-0.46503506381488874,1.2782420933598806,0.04436956159132461,-0.8987432467238675,-0.5452773072703317,-0.3693030412319823,-0.08717654049726782,0.0
COc1ccc(C2NC(=S)N3C(c4ccc(OC)c(OC)c4)NC(=S)N23)cc1OC,-0.4122473171168817,0.10181211888554745,0.030908078590462146,-0.21758259981400316,0.20968032619102872,-1.5017004480919964,0.013968455780734976,0.1314475356401275,0.0
N=C(N)NN=C(C=Cc1ccc([N+](=O)[O-])o1)C=Cc1ccc([N+](=O)[O-])o1,-0.4090384320739349,-0.5019928953938665,-0.27794377532255865,0.34884224260648666,-1.1443653571452532,0.025618205433003707,1.3171982945472327,0.09335632743020314,0.0
O=C(Nc1ccc(Br)cc1)c1cc(Br)c(Br)s1,-0.6596341140963289,0.06776414538409052,0.25423720668557703,0.054298798410680325,-1.0534441006408235,0.012868615385725424,0.7753460964138205,-0.4018811547224376,0.0
O=C(NOCC1CC1)c1ccc(F)c(F)c1Nc1ccc(I)cc1Cl,0.006931591723051894,1.1839967230233786,0.331176818159034,-1.0358282483335686,-0.7703826432762118,0.39196686722385154,0.33340235936048335,-1.3100109751522035,0.0
O=C(Nc1cccc(C(F)(F)F)c1)c1cc(Br)cc(Br)c1O,-0.688786072608961,0.11099233011902263,0.6005806689518207,0.5231624910025385,-1.7481919900714642,0.13441068989294527,0.8228817266144133,-0.6915350295512684,0.0
Cc1ccc2c(Cl)cc(Cl)c(O)c2n1,-1.1204649159397888,0.33823218445957404,-0.5703582435856446,-0.48504211141647785,-0.8693326547506017,-0.9875569639233512,0.1036383972845325,0.08664680024160745,0.0
CCCCCCCCCCCCc1ccccc1O,-0.6386260510234789,-1.5253623405532537,0.08040191363350342,0.03893181216174595,0.5232386786274493,0.5956430452628284,-0.849928937391737,-0.11567489721302177,0.0
[Cl-].[Cl-].[Hg+2],-0.627030439147867,-1.344172375133729,-1.2857480861251285,0.0036565466948128536,-0.026337915187937704,-0.49265447622815667,0.24077364553350494,0.3527317829682853,0.0
CN1C(=O)CN=C(c2ccccc2)c2cc([N+](=O)[O-])ccc21,-0.5877794172589033,1.0495977834474437,-0.5227388920801348,1.5439429689758877,0.2990807115597933,-0.19249667921696376,-0.04907716055387552,-0.12282091990613021,0.0
C=C[C@@]1(C)CC(=O)[C@]2(O)[C@@]3(C)[C@@H](O)CCC(C)(C)[C@@H]3[C@H](O)[C@H](OC(C)=O)[C@@]2(C)O1,2.22518666057322,-0.051885758642064864,-0.18116933998733065,0.12512270192152977,-0.15579434761668723,-0.576269361873189,0.8263071588974512,-0.7783901702371732,0.0
CC(C)COCC(CN(Cc1ccccc1)c1ccccc1)N1CCCC1,-0.6935819477545124,0.09016849264582728,0.3019360240498442,0.9760010336319515,1.112308113644815,0.25737610810403533,-0.43703174892509694,0.4488960384386817,0.0
CC(O)C#CC(C)O,-0.2947838513822609,-1.4538115996450973,-0.5225602579540574,-0.15969886568810224,-0.03678879891265178,-0.2404777661926036,0.6669846762271361,0.226469561604094,0.0
Cc1c(C)c2c(c(C)c1O)CCC(C)(COc1ccc(CC3SC(=O)NC3=O)cc1)O2,1.1556537475265605,0.6095966688266685,0.6258251388476842,0.037654414367885476,0.06748576893166182,-1.1593087762135483,-0.14648310076722768,-0.9256859859735935,0.0
CCCCCc1cc(O)c2c(c1)OC(C)(C)[C@@H]1CCC(C)=C[C@@H]21,1.2201617639387383,-1.008436832582092,-0.2775592974147555,-0.7149179917387559,0.5709793718514339,-0.6459208527794341,-0.4127318511736655,-0.8451061871921095,0.0
COc1ccc(-c2nc3cc(C4=NNC(=O)CC4C)ccc3[nH]2)cc1.Cl,0.2692841131042835,0.925335065559074,0.6344254305517064,0.05810796289669673,0.28605048291736207,-2.3614999965344077,0.21363155557661942,0.41710841599636517,0.0
COc1cc2ncnc(Nc3ccc(F)c(Cl)c3)c2cc1OCCCN1CCOCC1,-0.7276399230080739,1.844456993528462,0.5127256358411871,-1.5532422300247277,1.6532172943844108,-1.3344424659829037,-0.501303657126965,-0.02491331180060205,0.0
N#CSCSC#N,-0.47443125178827644,-1.4086687869517815,-1.0659181134465892,-0.1372905368351376,0.266460888460317,-0.23860498492960472,0.10927414755643644,0.42475277366262376,0.0
Nc1ccc(O)cc1,-0.8035017088466377,-0.9287332841267546,-0.6027691525270574,0.1577331729920997,-0.8959833370100875,-0.46675022291200463,0.2557586201928734,-0.06746510747598683,0.0
O=C(O)Cc1sc(-c2ccccc2)nc1-c1ccc(Cl)cc1,-1.0871784994819151,0.9402487160332309,0.08931629445038769,0.27979799332276356,-0.38215316655604487,1.3730545444576514,-0.26609474383353837,0.1654467757961768,0.0
O=C1C=CC(=O)N1,0.057164091233429234,-0.6220125529199053,-0.9699596993544254,0.40654834062114603,-0.18115182416893577,-0.34477037440189096,0.2636474030396284,0.041423832731583406,0.0
O=c1c(-c2ccccc2)c1-c1ccccc1,-0.7855124958687161,-0.19426102550386953,-0.5379587274552677,1.5011009192901303,-0.19265049570259848,0.408946082001902,-0.0016660728474276543,-0.005141365512812884,0.0
Nc1ncnc2c1ncn2[C@@H]1O[C@H](COP(=O)(O)OP(=O)(O)OP(=O)(O)O)[C@@H](O)[C@H]1O,0.35413596555429316,0.22491424899445056,0.011521975907675685,-0.388832207256268,0.5093437501383196,-0.20832655387736873,1.6397240801806292,0.5807200037916599,0.0
Oc1ccc(Cl)cc1Cc1cc(Cl)ccc1O,-1.2317954964351883,0.14278791414965217,-1.230715597986296,-1.070504059564281,-0.9286989304242905,0.38801723028971724,-0.4348384698712298,-0.4623970708331108,0.0
COCCCOc1ccnc(CS(=O)c2nc3ccccc3[n-]2)c1C.[Na+],-0.6690164453903276,0.3360434187215682,1.0686851685469103,0.24454746671226318,0.562281541713857,-0.6885475219139809,-0.5530664982674672,0.9992343410505619,0.0
CCCCN(CCCC)C(=S)[S-].CCCCN(CCCC)C(=S)[S-].[Zn+2],-0.06215133150085367,-2.281161794908917,-0.27566328603707163,-0.7325962769345452,0.9358546537115079,-0.08104688033966802,-0.4057036960265065,0.19601974169630973,0.0
O=CC(Br)(Br)Br,-0.4504545979190424,-1.1609966271670145,-0.8922368361317327,0.16793987992861162,-0.16540491274022118,-0.2993812141324916,0.5078243304785358,0.07260304984700942,0.0
CC(=O)O[C@]1(C(C)=O)CC[C@H]2[C@@H]3C=C(Cl)C4=CC(=O)CC[C@]4(C)[C@H]3CC[C@@]21C,2.7037539207428556,0.5620902364450415,-0.6077944589489298,-0.23941028219072152,-0.8494669526234472,-1.1156763990193175,-1.0541764838227528,-2.0718641763534933,0.0
CC(=O)O[C@]1(C(C)=O)CC[C@H]2[C@@H]3CCC4=CC(=O)CC[C@]4(C)[C@@]3(F)[C@@H](O)C[C@@]21C,3.677694722723895,0.4545582882574895,-0.44346481411229244,0.11599858026259896,-0.9694858427582989,-0.8263502646668018,-1.131848094758863,-0.4075909973206798,0.0
CC(=O)OCC(=O)[C@@]1(O)[C@H](C)C[C@H]2[C@@H]3CCC4=CC(=O)C=C[C@]4(C)[C@@]3(F)[C@@H](O)C[C@@]21C,4.636228296988803,0.7070390085193538,-0.599710120865836,0.03373349039537737,-1.0327749466091893,0.7215037706858092,-1.5262242840021918,2.161815461950129,0.0
CC(C)(C)CC(=O)OCC(=O)[C@@]12OC(C)(C)O[C@@H]1C[C@H]1[C@@H]3CCC4=CC(=O)C=C[C@]4(C)[C@@]3(F)[C@@H](O)C[C@@]12C,4.827534468116976,0.8374584563004517,-0.6494905950931348,0.03492727829113729,-1.1204935370774916,0.9278854598780245,-1.1918888979809643,2.5663233465530144,0.0
C=C(NC(=O)C(=C)NC(=O)c1csc(C2=NC3c4csc(n4)C4NC(=O)c5csc(n5)C(C(C)(O)C(C)O)NC(=O)C5CSC(=N5)/C(=C\C)NC(=O)C(C(C)O)NC(=O)c5csc(n5)C3(CC2)NC(=O)C(C)NC(=O)C(=C)NC(=O)C(C)NC(=O)C(C(C)CC)NC2C=Cc3c(C(C)O)cc(nc3C2O)C(=O)OC4C)n1)C(N)=O,2.147670275036515,1.4751886791682718,1.8979813957677583,0.04992311652457345,1.7593235945959502,0.437229003260649,4.319424279658808,0.9120068616319634,0.0
CCN(CC)CCC(=O)N1c2ccccc2Sc2ccc(C(F)(F)F)cc21,-0.44834458528485716,0.2777142740217953,0.7858848023459384,0.5296176006685496,0.6240468784897302,0.8321449758161718,-0.9639180526937859,0.3448119793657202,0.0
CCCCCCCCn1sc(Cl)c(Cl)c1=O,-0.06554234078273458,-1.2344625275989711,-0.6690127838479302,-0.8941522057743074,1.5937158528378372,0.4401274440311582,-0.43591948842986245,-0.3049102450629906,0.0
CC1(C)O[C@@H]2C[C@H]3[C@@H]4CCC5=CC(=O)CC[C@]5(C)[C@@]4(F)[C@@H](O)C[C@]3(C)[C@]2(C(=O)CCl)O1,4.026363969632853,0.7465597568924952,-1.114692635923869,-0.0651137157735927,-0.8317332639236894,0.35375307226648944,-0.6379307561360023,0.7892303825230026,0.0
CN(C)CCOC(c1ccccc1)c1ccccc1,-0.8830009209656083,-0.39681085996977544,0.26029976799168214,0.766271558830525,0.3359699122224623,0.5078465709249832,-0.8403635655766545,0.44694963758915346,0.0
CNC[C@H](O)[C@@H](O)[C@@H](O)[C@H](O)CO.Cc1c(Nc2ncccc2C(=O)O)cccc1C(F)(F)F,-0.496961107321843,0.40927317557294507,1.5702559793537032,0.31782896439415653,-0.4672002585533401,0.33218776713862436,1.0087642659096636,0.44832149401217486,0.0
N#Cc1nn(-c2c(Cl)cc(C(F)(F)F)cc2Cl)c(N)c1S(=O)C(F)(F)F,-0.8516135013417586,0.48326638985284504,-0.8169390817559447,-0.8063470053438482,-0.04852606678040529,-0.42540306959801033,1.1377431274671421,0.038632365649976935,0.0
NC1(c2ccc(-c3nc4ccn5c(=O)[nH]nc5c4cc3-c3ccccc3)cc2)CCC1,-0.404329359583822,1.4429442544962934,-0.4195734170430227,1.559336513432136,0.5616335309759333,-0.4485988077617395,0.3816162387348883,0.21923176786010418,0.0
CCCCC[C@H](O)/C=C/[C@H]1[C@H](O)CC(=O)[C@@H]1C/C=C\CCCC(=O)O,1.3393618547026855,-1.5663881209385766,0.5817022386885746,-0.3794633600884099,1.4761046789744467,1.128284774184717,0.8113170494736508,-0.5080775175629615,0.0
NCc1cccc(C2CCN(C(=O)c3ccc(C#Cc4ccccc4F)o3)CC2)c1,0.14279696478783033,1.0559326557688704,0.3639470871149522,0.9523206021637725,0.7395772986305461,0.39818900941174706,0.20874520057961182,-0.8072106470071814,0.0
CCCCCCCC/C=C\CCCCCCCC(=O)N(C)CC(=O)O,0.18898530267245184,-2.306487359474766,0.6618726046044587,-0.6277533960001235,0.9135193284892094,0.6626499916724528,-0.32502896620840577,-0.254703287136186,0.0
C[C@]12C=CC(=O)C=C1CC[C@@H]1[C@@H]2[C@@H](O)C[C@@]2(C)[C@H]1CC[C@]2(O)C(=O)COC(=O)CCC(=O)O,4.386926984837005,0.30615047285835584,-0.5731920852329566,0.23372416722368855,-0.659361691287967,0.7353345707442052,-1.0761457467415052,0.8188875730135878,0.0
C=CC(=O)OCC(C)OCC(C)OCC(C)OC(=O)C=C,0.2952814066880786,-1.3702211885701043,0.6645880559504852,-0.7371168671619058,-0.13849529550816808,0.6526694440803793,0.4657743657105784,0.32284217741405047,0.0
COC(=O)Nc1nc2cc(Sc3ccccc3)ccc2[nH]1,-0.6353995306473431,0.7275395553942905,1.609886508084482,0.6416415813982057,-0.5225111498727115,-0.6515662758895964,-0.09624486279495979,0.5130006403435791,0.0
CCCSc1ccc2[nH]c(NC(=O)OC)nc2c1,-0.21691858179116186,0.11553395950800842,1.8638405630424526,-0.813706564115608,-0.0003464076812438703,-0.9892634353069795,-0.20803876503538565,0.6453150392882272,0.0
C=CC(=O)OCCOCCOCCOCCOC(=O)C=C,0.0864296330586135,-1.4002009220026312,0.3679919585012395,-0.6071228156986714,-0.17252626588145709,0.5645752668799835,0.19063096915357394,0.028878941113422915,0.0
CC(C)(C)CC(C)(C)c1ccc(O)cc1,-0.581863583438696,-1.005327491048561,-0.22536348376485768,-0.08306073385910268,-0.5134017187788086,-0.31800857137708055,-0.07626463354710018,0.09157914379744404,0.0
Cc1cc(O)c2c3c4c(cc(O)c13)C(C)(C)C(=O)c1c(O)cc(O)c(c1-4)C2=O,0.4921884158147585,-0.37863016262811805,-0.6173539997968263,0.10384107730625217,-0.8803079583844022,-0.8840328213823134,0.37253127470397956,-0.5677196009500822,0.0
C[C@]12C=CC(=O)C=C1CC[C@@H]1[C@@H]2[C@@H](O)C[C@@]2(C)[C@H]1CC[C@]2(O)C(=O)CO,4.137484744895754,0.2111079206173083,-1.3189446947376289,0.35447734982733525,-0.609963329373436,0.3343402376323961,-0.5976226916609018,0.6961667152080288,0.0
CCC[C@@H]1O[C@@H]2C[C@H]3[C@@H]4CCC5=CC(=O)C=C[C@]5(C)[C@H]4[C@@H](O)C[C@]3(C)[C@]2(C(=O)CO)O1,4.48817523093387,0.14645505814559479,-1.1246903739211453,0.11005833769919404,-0.14344665575327709,0.8186649684314011,-0.3401886756257911,1.397767315105173,0.0
CC1(C)O[C@@H]2C[C@H]3[C@@H]4C[C@H](F)C5=CC(=O)C=C[C@]5(C)[C@H]4[C@@H](O)C[C@]3(C)[C@]2(C(=O)CO)O1,4.034623218068278,0.4676536717942377,-1.1897629761517332,0.28754287390751826,-0.7330312385778379,0.7170160124148434,0.08251621455558354,1.932873278037585,0.0
CC1(C)O[C@@H]2C[C@H]3[C@@H]4C[C@H](F)C5=CC(=O)CC[C@]5(C)[C@H]4[C@@H](O)C[C@]3(C)[C@]2(C(=O)CO)O1,3.9697331137871914,0.479930799727628,-0.9591018367521515,0.21440308394418678,-0.6508766744101008,0.07455036979436092,0.15770386604223788,0.7647828691285601,0.0
O=C([O-])c1c(Cl)c(Cl)c(Cl)c(Cl)c1-c1c2cc(I)c(=O)c(I)c-2oc2c(I)c([O-])c(I)cc12.[Na+].[Na+],-0.13578620830491536,0.1144138428076985,-0.6244734572634885,-0.15133898212094882,-1.0805302970394013,0.2987279041027972,1.2963553221540387,-0.4552254717201646,0.0
CC1(C)C(/C=C\C=C/C=C\C=C2\N(CCCCS(=O)(=O)[O-])c3ccc4ccccc4c3C2(C)C)=[N+](CCCCS(=O)(=O)[O-])c2ccc3ccccc3c21.[Na+],-0.25185293040139617,0.3169966626122257,-0.18617105267704376,1.0763458941386945,1.326988471579621,0.47568585833548604,0.07957136589586704,0.36196741845267505,0.0
CN(C)c1ccc(C(=C2C=CC(=[N+](C)C)C=C2)c2c(O)c(S(=O)(=O)[O-])cc3cc(S(=O)(=O)[O-])ccc23)cc1.[Na+],-0.677611759640467,-0.3058827635626019,-0.00853062195522356,-0.2008943787547969,-1.2595166230584207,-0.8939684392092722,0.3430802515491837,1.1120367150233892,0.0
CCCCN(CCCC)C(=S)[S-].CCCCN(CCCC)C(=S)[S-].[Zn+2],-0.06215133150085367,-2.281161794908917,-0.27566328603707163,-0.7325962769345452,0.9358546537115079,-0.08104688033966802,-0.4057036960265065,0.19601974169630973,0.0
CCNC(=O)/C=C/c1cccc(Br)c1,-0.3953253966804691,-0.49217847363896855,0.8126642808814436,0.16189466607606676,-0.49136281203862425,0.3257622782030582,-0.046844087797350366,-0.06676881314896346,0.0
C=CC(=O)OCCn1c(=O)n(CCOC(=O)C=C)c(=O)n(CCOC(=O)C=C)c1=O,0.23766294033273053,-0.7194327592194836,0.2549125111622868,-0.30013355035745326,0.27476668968140405,0.5456669865539973,0.21377799256851093,-0.10626709670809291,0.0
c1ccc2c(c1)c1cccc3ccc4cccc2c4c31,-1.1291659658718862,-0.29405217685727975,-0.7297830856512919,1.3143626158812047,-0.17344932877303476,-0.22627407770395888,-0.13060316268253463,0.4674816901999807,0.0
C=C1C[C@H]2[C@@H]3C=C(C)C4=CC(=O)CC[C@]4(C)[C@H]3CC[C@]2(C)[C@@]1(OC(C)=O)C(C)=O,2.776752153652858,0.12092639425907006,-0.2879923037247763,0.22980514836172825,-0.6814780084226945,-1.3179929673844681,-0.5529118192496976,-1.773628544044932,0.0
CC(=O)O[C@]1(C(C)=O)CC[C@H]2[C@@H]3C=C(C)C4=CC(=O)CC[C@]4(C)[C@H]3CC[C@@]21C,2.848869326592772,0.24423238096618238,-0.19668396421872048,0.21017851214617575,-0.8142794101650214,-1.4370981147124167,-0.9119076930372634,-1.790686000282719,0.0
Cc1nc(-c2ccc(OCC(C)C)c(C#N)c2)sc1C(=O)O,-0.4517100811042527,0.42013639997268626,1.705092813909168,-0.35655856008629855,-0.37639809810021757,-0.4280303221788485,0.505558068584896,0.9437391528108598,0.0
CC(C)Nc1ccc(Nc2ccccc2)cc1,-0.9759384995409471,-0.2933577928368937,-0.08793647695082225,1.1402367117594818,-0.21093130674956562,0.3961816177626194,0.259492525147169,0.26212611001769676,0.0
COc1cc(NCCCC(C)N)c2ncccc2c1,-0.9944363736697561,0.4671699412973551,1.279613286038688,-0.4896687225535767,0.3787349742337687,-1.345470955796591,0.17571687184826656,1.2789724280755608,0.0
CCCC[Sn](CCCC)(CCCC)CCCC,-0.2854768040079927,-2.234729486446698,-0.5002955189441328,-0.7512301604802547,1.0261643204375923,-0.02769930737866873,-0.29398570753257364,0.23812824517026926,0.0
COc1cccc(-c2ccc(/C=C\CN3CCCCCC3)cc2Cl)c1.Cl,-0.7419801805049917,1.1482999650441497,0.1343012349969859,-0.3169588618614823,0.7514691597721987,-0.9190210471338736,-1.0141971685759714,-0.16826691738190805,0.0
Cc1ncc2n1-c1ccc(Cl)cc1C(c1ccccc1F)=NC2.Cl,-1.4843861872517876,1.9069032760774551,-0.9897388397452368,0.18094402224706907,0.6978452093033142,-0.36193061938786436,-0.8234570733078959,0.10371310157713186,0.0
Cl.O.c1cnc2c(c1)ccc1cccnc12,-1.2645163280067584,0.0607274617981721,-0.6560539386212625,0.6660584991878931,-0.04070510637228906,-0.8970579566389301,0.01253800649021173,0.9463563522681004,0.0
Clc1ccc(C(c2ccc(Cl)cc2)C(Cl)(Cl)Cl)cc1,-1.029373518457877,-0.03912040353481109,-1.400029615385333,-0.4637264606628834,-0.3847419592607045,0.5090507642826553,0.1245617394195144,-0.12018432209397668,0.0
C=C1C(C)(C)[C@@]2(Cl)C(Cl)[C@]1(Cl)C(Cl)(Cl)C2(Cl)Cl,0.20140270606032107,-0.9964204543701008,-1.3403107031744694,-0.1506219301351134,0.03063219179609139,-0.5261450771245683,0.11940926017729911,-0.30706253487711144,0.0
O=C(Nc1ccc(Oc2ccc(Cl)cc2)c(Cl)c1)c1cc(I)cc(I)c1O,-0.8264169943103049,1.0428187256057975,0.26691261181147896,-1.4632656337502399,-2.150746534524721,0.33730132484153885,0.07942118490016827,-1.2030976992153632,0.0
CCOC(=O)N1CCC(=C2c3ccc(Cl)cc3CCc3cccnc32)CC1,-0.5362001711266173,1.7610978530556607,0.4562365478531859,-0.9629080629412968,0.47286666768508256,0.2050933923147413,-1.0151288916932446,-0.4242471695353391,0.0
COc1ccc(-c2cc(=S)ss2)cc1,-0.6840162335802255,-0.07660209126848834,0.35477594308948507,-0.14780477511320542,-0.27268039270134947,-1.5586227862800843,-0.5350981807704379,0.42047130717028175,0.0
CS(=O)(=O)O.N[C@@H]1[C@H]2CN(c3nc4c(cc3F)c(=O)c(C(=O)O)cn4-c3ccc(F)cc3F)C[C@@H]12,0.15222254475981153,1.1652808990888912,0.7831454906009245,0.6495145160359332,0.281007723574927,-0.7343749924161873,0.9819244168887449,-0.2726760632830026,1.0
Cc1nc2sccn2c(=O)c1CCN1CCC(=C(c2ccc(F)cc2)c2ccc(F)cc2)CC1,0.3670946154221863,0.9981207656332899,0.45986685299598973,0.4080324358078599,1.0807272854260885,-0.39200886538911917,0.0028202849092295555,0.23774667457114182,1.0
O=C(CCCCCCC(=O)Nc1ccccc1)NO,-0.5379638038763297,-0.5493176248068049,0.6575382723586022,1.0186909551528538,-0.39045299182642845,1.2923275616402805,-0.03203080441685744,-0.4575420204277746,1.0
CC(C)(C)NCC(O)COc1ccc(NC(=O)NC2CCCCC2)cc1,0.49473852025208503,0.27211052162384614,1.4537610926811424,-0.31147297692288456,-0.04888988245479799,-0.0994850350202315,0.4182380406424998,-0.5088742662405302,1.0
Cc1cccc(C)c1Nc1ncccc1C(=O)O,-0.6713216029287734,0.21873447636996818,0.8861146913697767,0.6237274043784644,-0.8330153510618324,-0.16818239770970084,0.3388568858036243,0.12509661004042127,1.0
O=C(OCc1ccccc1)c1ccc(O)cc1,-0.5347540015024832,-0.48760916631326884,1.0361111434063004,0.6420347339135447,-0.8373975237171936,1.2254234923402634,-0.6432844048034511,-0.2544541625409936,1.0
Oc1ccc(C(c2ccc(O)cc2)(C(F)(F)F)C(F)(F)F)cc1,-0.6808075984436351,-0.8199797011993808,-0.646874488327932,0.12839645044684095,-0.8169183010193931,-0.42967195205830155,0.14940290712958298,-0.13315149298360945,1.0
CN(C)c1ccc(C(=C2C=CC(=[N+](C)C)C=C2)c2ccc(N(C)C)cc2)cc1.[Cl-],-0.6887663151966962,-0.7247759607844009,-0.6284561290245312,-0.11976276063998237,-0.7338805165065255,-0.5913975964272816,-0.4762313428813454,0.9769710340651999,1.0
CN(C)c1ccc2nc3ccc(N(C)C)cc3[s+]c2c1.[Cl-],-1.092532333024923,-0.06596286225136148,-0.6405940950932127,-0.11920334796536126,-0.1825985980554252,-1.6633222219236128,-0.1937006760701998,1.5940044876980202,1.0
CCCCC(CC)COC(=O)CC(C(=O)OCC(CC)CCCC)S(=O)(=O)[O-].[Na+],0.6761780378728538,-2.0524697242915457,1.0802949499471868,-1.3582614834526896,0.5953403973386683,0.8481355825472764,0.2102275591835731,0.20404572196321816,1.0
Cc1ccc(O)c(-n2nc3ccccc3n2)c1,-1.148176099062671,0.22327781817593334,-0.17035297349394782,0.7217627790918859,-0.28047896719344234,-0.6878172148081254,-0.3262717599477099,0.23055095359427225,1.0
Cc1[nH]cnc1C[C@H]1CCc2c(C)c3ccccc3n2C1=O.Cl,0.13281073055080572,1.0687866422108696,-0.08561904431398622,1.3150014404307937,1.3935765507046072,-0.6674775859740497,-0.01598050811002599,-0.047603070904652586,1.0
CC(CN1c2ccccc2Sc2cccnc21)N(C)C.Cl,-1.2942712932964593,0.42391223603964245,-0.1493661334411729,0.8447907076593941,1.4278924742921852,0.036578656865752034,-0.5564123419973962,1.3424482086953096,1.0
O=C1CN=C(c2ccccc2)c2cc(Cl)ccc2N1CC1CC1,-0.793533679835699,2.0416154754360085,-1.1896374644180236,0.5109491953004293,0.7832157497113544,0.8806491161036161,-0.6061632105186259,-0.6691587591916717,1.0
C=C[C@H]1CN2CCC1C[C@@H]2[C@@H](O)c1ccnc2ccc(OC)cc12,0.16487605622640567,1.2175196157520365,0.7819517632380147,-0.6362141748076864,0.7103531217898696,-1.81499181422335,0.20360927553365551,0.5040768821254317,1.0
COc1ccc(C=CC(=O)OCCC(C)C)cc1,0.11487620123960748,-0.5421881129500566,1.780953819470951,-0.5208462641049824,-0.34295701130877737,-0.11785305759844272,-0.08786291799577575,0.22074843017960216,1.0
CCCCCCCCCCn1cc[n+](C)c1.O=S(=O)([N-]S(=O)(=O)C(F)(F)F)C(F)(F)F,0.16599992760441037,-1.6715637380537838,-0.3201056138011082,-1.1347219342048267,1.9894773014217204,0.29436095813438595,-0.23421834084494408,0.3587414475837209,1.0
O=S1(=O)c2cccc3cccc(c23)N1CCCN1CCN(c2ccc(F)cc2)CC1,-0.3577768056745176,0.6193725387975426,-0.24775996812042048,0.8642468689574422,2.0175371970825213,-0.11975279788994188,-0.43360981216287237,0.09964338186436009,1.0
CC(C)COC(=O)c1ccc(N)cc1,-0.05400142832293166,-0.7832266812651207,1.3359283267439777,-0.29263351053901393,-0.5809728676021833,0.5103340200219924,0.23590697800141458,0.26012096298367215,1.0
Nc1ncnc2[nH]cnc12,-0.7192091519910165,-0.44340327881565134,-0.6664143683823011,0.17527175832368416,-0.1115199310147142,-0.9926210053798761,0.8184668634986757,0.561009695290319,1.0
O=C(O)CCC(=O)c1ccc(-c2ccccc2)cc1,-0.5929883840669905,-0.35246232243775216,0.5495509344595214,1.1674540376176858,-0.3718995421143725,1.094086172380257,-0.2013011039200309,-0.07555548762964114,1.0
O=C(CS)Nc1ccccc1,-0.5902363883517456,-0.19312297497792139,0.5250978089652009,1.1597449614479707,-0.6260949275723812,1.0233894319238799,0.21488263146471037,-0.17582398764562115,1.0
O=C(Nc1ccccc1SSc1ccccc1NC(=O)c1ccccc1)c1ccccc1,-0.7220527352460733,-0.2441323374302254,0.5318632311391299,1.273821211598616,-1.0845385517217216,0.8713568139661144,0.1617806411047192,-0.3706911903919956,1.0
CC1(C)[C@@H](O)CC[C@]2(C)[C@H]3C(=O)C=C4[C@@H]5C[C@@](C)(C(=O)O)CC[C@]5(C)CC[C@@]4(C)[C@]3(C)CC[C@@H]12,2.4281003900728613,-0.04163383587658529,-0.5456348630128639,0.7328447671712244,-0.5531704380157924,-0.3302338954659963,0.42216450498126157,-1.2537435823020846,1.0
CC(C(=O)O)c1ccc(N2Cc3ccccc3C2=O)cc1,-0.017234019768560208,0.387273086018146,0.21149705520371775,1.5618549792877943,0.2022750576025203,0.7130925950629721,0.545065339753488,-0.32849646261125137,1.0
CC1CCC(C(C)C)C(OC(=O)c2ccccc2N)C1,0.4537658587672353,0.3293987578111618,0.7338128667485347,0.6454939560584575,-0.22561440589166068,0.494184510166035,0.632757325544602,-0.39475540181114566,1.0
CC1=CC(=O)c2ccccc2C1=O,-0.47258216044747664,-0.14991804398374323,-0.3779109439546041,1.1730560532782766,-0.05826962540834987,0.22313326478210757,-0.07450615436893944,0.07951698614853378,1.0
Oc1c(I)cc(Cl)c2cccnc12,-1.364872480559288,0.7847075753077816,-0.8030264044071448,-0.21713657579265408,-0.9695464939777209,-0.5248687202990366,0.026079112609653777,0.16328520009930586,1.0
CC(C)CC(C)(c1ccc(O)cc1)c1ccc(O)cc1,-0.38384702645048313,-0.9651175369275677,-0.14771652291782153,-0.13664339092116945,-0.4502228767824832,-0.154071530863596,0.15472065514763306,0.11419997229963177,1.0
Nc1ccc(C(=O)Oc2ccccc2)c(O)c1,-0.8013971884143671,-0.01245566693045648,0.9081519682436939,0.7372662734894846,-1.3799935331852256,0.2342130824168346,-0.12006052452419866,-0.5091345498354848,1.0
O=C(Nc1ccccc1)c1cc(Cl)ccc1O,-1.2959612087377628,0.8632813999083272,-0.17110061847925484,0.20728278343392925,-1.6600104292386182,1.2862569018683905,-0.07235408358226883,-1.083248989350484,1.0
CN(C)c1ccc(C(=C2C=CC(=[N+](C)C)C=C2)c2ccc(N(C)C)cc2)cc1.[Cl-],-0.6887663151966962,-0.7247759607844009,-0.6284561290245312,-0.11976276063998237,-0.7338805165065255,-0.5913975964272816,-0.4762313428813454,0.9769710340651999,1.0
COc1ccc2sc(C(=O)Nc3nnn[n-]3)c(OC(C)C)c2c1.[Na+],-0.31235921130201316,0.4671711017166643,1.7935571676718849,-0.4374598534445878,-0.8408617085074567,-1.13387522100631,0.5544613356762288,0.21406512256473387,1.0
COc1ccc(Cc2nccc3cc(OC)c(OC)cc23)cc1OC.Cl,-0.7249013902916558,0.4469639204786271,0.6742419845350811,-0.6697966180067572,0.18571554685228067,-1.9293862452138648,-0.44503918455612945,1.4042830469863705,1.0
CN1C(=O)C(O)N=C(c2ccccc2)c2cc(Cl)ccc21,-0.7413966479609698,1.783325991741475,-0.8526441919123406,0.4492454804460785,0.2729034395087856,0.7534015125351028,-0.352071321646262,-0.5731999000944218,1.0
ClC1=C(Cl)C2(Cl)C(CBr)CC1(Cl)C2(Cl)Cl,0.33504901083474653,-0.3672692018497827,-1.3086683326393436,-0.5147667560540716,0.22215458984949707,-0.12892521272639523,-0.11549025449553812,-0.33483155846812335,1.0
CN1CCC(=C2c3ccccc3CCc3sccc32)CC1,-0.726912527022265,0.4286095965159544,-0.8277694788632195,1.4956512030721263,1.028127253887599,-0.3862727720346275,-0.5254769937093499,-0.25150462171691473,1.0
CSc1ccc(/C=C2/C(C)=C(CC(=O)O)c3cc(F)ccc32)cc1,-0.2365947748151904,-0.17561629083536734,0.718330780768237,0.20133461820302398,-0.4240442267488585,0.12484813358454362,0.023247298247029088,0.12403984861943874,1.0
COc1cc(-c2ccc(=O)[nH]n2)ccc1OC(F)F,-0.3031077212523755,0.5292819983002731,0.4991110831498697,-0.20811894958484917,0.012836056885032298,-1.3768004474858861,0.35834026426014015,0.6513975838654916,1.0
N=C(Nc1ccccc1)Nc1ccccc1,-0.9903142565941901,-0.3892496809349434,-0.21649613576673252,1.237796157549386,-0.7591364716343248,0.4974169172000753,0.14073541941396547,-0.06550237414873583,1.0
COc1ccc(C(=O)c2ccccc2)c(O)c1,-0.5952579234749027,0.09960532389447019,1.5110653274705041,0.4901502982838644,-1.3910787545790668,-0.24813324083553268,-0.753696474903901,-0.3774080002997292,1.0
CC(C)OC(=O)C(C)(C)Oc1ccc(C(=O)c2ccc(Cl)cc2)cc1,-0.4004742251658229,0.20489109416261708,0.5652318402123931,-0.9526959159382231,-1.0329962609311267,0.42826676479192416,-0.17284501485223203,-0.4882325824511376,1.0
O=C(O)Cn1c(C(=O)Nc2nc(-c3ccccc3Cl)cs2)cc2ccccc21,-1.18141688469952,1.4901085287396714,0.4443322898935505,0.4609576911138014,-0.11660540440898864,1.1426586623043404,0.25888856415743916,-0.13177480965482188,1.0
N[C@@H](Cc1cc(I)c(Oc2ccc(O)c(I)c2)c(I)c1)C(=O)O,-0.42593562574808,-0.13970196573391108,1.0141804505986372,-0.33239543914856023,-1.0190301518546585,0.18708456036035553,0.24730678439714943,-0.3062881853592744,1.0
COc1cc(O)cc(O)c1,-0.37078401215556167,-0.6507755258787542,0.13601855901088464,-0.5373314290887561,-0.7945400670895482,-1.2884828073681116,-0.21454907027940182,0.12011189374263347,1.0
CCCCCCCOC(=O)c1ccc(O)cc1,0.049968940580361526,-1.7194622796439525,1.4465166409480599,-0.9669587967046817,-0.07592985794547069,0.6239990845529833,-0.9355883933923101,-0.43965961451684793,1.0
O=S(=O)(O)c1ccc(O)cc1,-0.6417773717539776,-0.6550267248278698,-0.4089657466854369,0.13472172648249978,-0.7841505106890428,-0.15168643554053698,0.3593758170925532,-0.30588250858452426,1.0
CNC(=O)[C@H](Cc1c[nH]c2ccccc12)NC(=O)[C@@H](CC(=O)NO)CC(C)C,-0.600921515207084,-0.006690687632767998,1.0450218368042006,1.0178759012996104,-0.3367580578010981,0.9040459285349988,0.5713159711556429,-0.038340399628420785,1.0
O=c1oc2ccccc2c(O)c1C(CC(O)c1ccc(-c2ccc(Br)cc2)cc1)c1ccccc1,-0.6576163682070737,-0.0378273473301429,0.003181043577072729,1.5732820131768084,-0.008748631340609388,1.2197221575998785,0.9307980126491457,-0.28330159102163194,1.0
CC(=O)N1CCN(c2ccc(OC[C@H]3CO[C@](Cn4ccnc4)(c4ccc(Cl)cc4Cl)O3)cc2)CC1,0.24516168926482082,2.9987886458565156,-0.10821119077091812,-2.7068414704691346,0.6738467092393714,0.2296704836826444,-0.3427837696415242,-0.3393291465150795,1.0
CCOC(=O)C1=C(C)NC(C)=C(C(=O)OC)C1c1cccc([N+](=O)[O-])c1,0.45518340098455506,0.2893208297270149,1.6350283202878515,-0.24562527402804782,-0.8330968195300441,0.18608667196416545,-0.06796380184476015,-0.6404824857758044,1.0
Cc1cn([C@H]2C[C@H](O)[C@@H](CO)O2)c(=O)[nH]c1=O,1.2685796261213238,0.11488396301901581,-0.7108645154860702,0.23906788847766283,1.0341157013947828,-0.08204683333156225,1.780567241220002,0.23727474807489476,1.0
Cc1cc(O)c(Cl)c(C)c1Cl,-0.7058944570494639,-0.4640721180140807,-0.8696397972090947,-0.53771606746521,-0.9059745241616897,-0.6665829426742659,0.02916317125445007,-0.3269314495259409,1.0
Cc1ccc(N(CC2=NCCN2)c2cccc(O)c2)cc1,-0.8238723888869622,0.2326190661726522,-0.15227560545696836,0.12362695158394885,-0.1647531251489306,-0.8885232379841692,-0.29464789817744746,0.43353464749766657,1.0
COc1cc(N)c(Cl)cc1C(=O)NC1CCN(CCCOc2ccc(F)cc2)CC1OC,0.30412897826704327,1.7407998483361136,1.643045626972591,-1.2322681396809543,0.96000853347814,-0.8193299835693472,-0.47405775901779273,-1.157591836079533,1.0
CN(C)c1ccc(C(=O)c2ccc(N(C)C)cc2)cc1,-0.3014255712752617,-0.7494440473551401,0.13676922915043513,0.24177121015849967,-0.9250152037805955,-0.3066066334888155,-0.2605010673594983,0.288798333743742,1.0
C[C@]12CC[C@@H]3c4ccc(O)cc4C[C@@H](CCCCCCCCCS(=O)CCCC(F)(F)C(F)(F)F)[C@H]3[C@@H]1CC[C@@H]2O,1.4454635325952374,0.18485413264907416,-0.2798868394219917,-0.6017683501449135,0.008762263469386602,-0.8886229020579977,-0.379912009696275,-2.0508310261114504,1.0
C[C@]12CC[C@H]3[C@@H](CC[C@@]45O[C@@H]4C(O)=C(C#N)C[C@]35C)[C@@H]1CC[C@@H]2O,1.9972341076995346,-0.7861205397028321,-1.421175798232232,-0.050355092562888865,-0.016425978097175938,-1.0494019148998226,-0.024585151508661016,-1.3613570719055537,1.0
O=C(Nc1ccc(Cl)c(Cl)c1)C1CC1,-0.14170830084836591,0.7697695246361566,-0.46218987363901176,-0.4361784526868725,-0.9081331726585259,0.12646698491259553,0.35667476872073134,-1.2978670750939103,1.0
COc1ccc(-c2noc(CC(=O)O)c2-c2ccc(OC)cc2)cc1,-0.05433900085591125,0.08351132722681233,1.4407094716203748,-0.06641683059594326,-0.3712910360228701,-0.5081567993565469,-0.07917330420874849,0.3312691286015054,1.0
CCOC(=O)C1=C[C@]2(CC)CCCN3CCc4c(n1c1ccccc41)[C@@H]32,0.7572796734303525,0.5971643125162835,1.0705913970598226,0.7713194078944,0.8453588349640214,0.46252376700712916,-0.714783206106469,-0.8564823254547405,1.0
CN(c1nccc(=O)[nH]1)C1CCN(c2nc3ccccc3n2Cc2ccc(F)cc2)CC1,-0.14649560508470696,1.8321649680273537,-0.05975229679806394,1.0927118414297579,1.9673993747837915,-0.5337710410978335,-0.46787867675257466,0.48392993778678944,1.0
CCN(CC)C(=O)/C(C#N)=C/c1cc(O)c(O)c([N+](=O)[O-])c1,-0.3385254200935807,-0.7255812906480557,0.29907789958656994,-0.6096123180432897,-0.8471814247561843,-0.009227506798295204,0.5114469356035566,-0.02305168990495706,1.0
C[N+]1(C)[C@@H]2CC(OC(=O)C(O)(c3cccs3)c3cccs3)C[C@H]1[C@@H]1O[C@@H]12.[Br-],0.5226481932621515,0.2633485273715156,0.5189843953803088,0.5744890178314541,-0.0008993326636341316,0.06757363173352814,0.7331321931691867,-0.29817375110311173,1.0
O=C([O-])[C@H]1/C(=C/CO)O[C@@H]2CC(=O)N21.[Li+],0.8565507955287742,-0.2897516657655166,-0.37964928444562257,0.06436322897501796,0.6185748640211981,0.1002290063746752,1.1815914146815265,-0.4903273766832211,1.0
Cc1cc(CC(=O)[O-])n(C)c1C(=O)c1ccc(Cl)cc1.[Na+],-0.5015046489443796,0.5957943799150496,-0.030861096027975182,-0.8440342146025418,-0.5209111433495822,0.6131802737268262,-0.0702082852845156,-0.35206555020267527,1.0
BrC1CCC(Br)C(Br)CCC(Br)C(Br)CCC1Br,0.08049772381823993,-1.0896319781328634,-1.434918880573468,0.20710904313808565,0.3411143205298656,-0.6592169655324689,0.3723618496053763,-0.29314822725147294,1.0
CCCOc1cc(N)ccc1C(=O)OCCN(CC)CC.Cl,-0.185036991256492,-0.44759552411582787,1.7955045613653708,-0.9015535604199538,-0.33495288533219914,-0.09770976480752645,-0.9022172279312979,0.1901657171581045,1.0
Cl.Cl.NCCNc1cccc2ccccc12,-1.1671389978298863,-0.10708619677815576,-0.22677662824092423,1.0704381781889856,0.08933326635695399,0.0740763239448706,0.0975569166498092,0.4823953980927686,1.0
Cl.N[C@@H](Cc1cnc[nH]1)C(=O)O,-0.27485385842452886,-0.3676250626626496,0.35094459658945426,-0.03522880485243049,-0.14550137826546294,0.36574173975317587,1.1144987899274768,0.2898197213700007,1.0
CCCC(=O)N1CCCN(c2nc(N)c3cc(OC)c(OC)cc3n2)CC1.Cl,0.30790803385862503,0.6254087090826123,1.5488860513474612,-0.720387032174597,1.2192627745285602,-1.618022157179596,-0.1310335675949201,0.3424366284495019,1.0
O=C1c2ccccc2C(=O)C1c1ccc(Cl)cc1,-0.747251715295255,0.6501658130014196,-1.316136595705385,0.5576228009456042,-0.15626693795382032,0.8643516240559207,-0.1253222993548251,-0.6474825776868446,1.0
COC(=O)c1cc(Oc2ccc(Cl)cc2Cl)ccc1[N+](=O)[O-],-0.7045934644256652,1.054061041687203,0.5087650333892212,-1.6911706834920814,-1.8288324209735687,0.041443425491382975,-0.20613438158660788,-0.7793805262215724,1.0
Cn1cc(C2=C(c3cn(C4CCN(Cc5ccccn5)CC4)c4ccccc34)C(=O)NC2=O)c2ccccc21,0.1632372828855526,1.5850662529736108,-0.41542035490127177,1.502398025788709,1.9066335497605695,-0.37694489226619726,-0.21156749470547156,-0.1808111279803129,1.0
CCCCC1C(=O)N(c2ccccc2)N(c2ccccc2)C1=O,-0.23715233065907468,-0.6662668929617473,0.04866614530383356,0.804594700759314,1.4340985030434592,0.7980946228154797,-0.5032842855709299,-0.21716288020970317,1.0
Brc1c2ccccc2cc2ccccc12,-1.2610415051112152,-0.16691699821751976,-0.6643366680812229,1.0832257975021469,-0.2697769751940133,-0.4267043652876603,-0.09446112510013303,0.34017367594666104,1.0
CCN(CC)c1c([N+](=O)[O-])cc(C(F)(F)F)c(N)c1[N+](=O)[O-],-0.4417538078632726,-0.5934733981870233,-0.014614083939384636,-0.6449123869692512,-0.18734272173165006,-0.38306360537700934,0.6686354543997196,0.4491826015416178,1.0
CC(C)C(=O)Nc1ccc([N+](=O)[O-])c(C(F)(F)F)c1,-0.43256448441712986,0.0717048450147412,0.5694940094052396,-0.3422831872685182,-1.4221040461964192,0.07830310189746152,1.3025012651424577,-0.1025524342458668,1.0
CCCCCCCCCCCCCCC(Br)C(=O)O,0.19683895839977775,-2.228543981034516,0.6033509848176941,-0.6816383885609985,0.76638666737786,0.8012138628916543,0.09133196804187188,-0.14687248107915823,1.0
O=c1cc(-c2ccccc2)oc2ccccc12,-0.8223796537970033,0.16550766078192042,-0.47375366064580193,1.54000384122449,-0.23876777961288914,0.3013723278060009,0.31279116022819775,0.017238282092536014,1.0
CCCCC(CC)COC(=O)CC(C(=O)OCC(CC)CCCC)S(=O)(=O)[O-].[Na+],0.6761780378728538,-2.0524697242915457,1.0802949499471868,-1.3582614834526896,0.5953403973386683,0.8481355825472764,0.2102275591835731,0.20404572196321816,1.0
CC(C)Cc1ccc(C(C)C(=O)O)cc1,-0.042947915234334916,-0.5980847212344581,0.6209987283897146,0.29964126814048886,-0.2997540903956715,0.7620886323986311,0.5188132710684116,0.14354523745015185,1.0
CCOP(=O)(OCC)OC(=CCl)c1ccc(Cl)cc1Cl,-0.7888231955453678,0.5057452232119944,-0.02026986549424964,-1.8430956538386574,-0.49919536975736933,0.671571459019165,-0.4378792245012206,-0.5195007819186962,1.0
CNc1ccc([N+](=O)[O-])cc1,-0.48790374998294844,-0.4374442522109003,-0.4844126087831905,0.17580314094701155,-0.9559144370332638,-0.2716576225893498,0.49316697825420414,0.027133163844905234,1.0
O=C(O)C1C2CCC(O2)C1C(=O)O,0.6387954275768731,-0.7847496409995732,-0.4725833227661846,0.3905593750027733,0.04763500430641137,0.08010630774311842,0.9066401260166516,-0.6471467157087709,1.0
Cc1c([N+](=O)[O-])cc2c(c1[N+](=O)[O-])C(C)(C)CC2(C)C,0.20783863842138728,-0.2409225393621005,-0.770552318514066,-0.013227502120676169,-0.7627869285970773,-0.9024900113854274,0.4984440372512682,-0.27422294032831285,1.0
C/C=C(C)/C=C/C=C(C)C,-0.0240555731823876,-1.4873829015665527,-0.7996345800686844,-0.005047876547965052,-0.22930424458118284,-0.45941671111915167,0.33162405089566127,0.1896270195128201,1.0
C=CC(=C)C,-0.23351777700573187,-1.533475665916298,-0.7308339919067048,-0.1657902271333392,-0.15922247605832948,-0.4194195357411229,0.2914005459981944,0.16478590791356373,1.0
O=C(/C=C/c1ccc([N+](=O)[O-])cc1)c1ccccc1,-0.4945228626108923,-0.3883794596646537,0.2501406653722656,1.20724890024508,-1.2754503309592395,0.8754940652607783,0.19494508375581932,-0.26508319974313876,1.0
[Cl-].[Cl-].[Cu+2],-0.6255983203635621,-1.3373439554078799,-1.2786322108834614,0.003406693722506056,-0.02600398879711212,-0.4889012634981063,0.23887804052313366,0.34957523357475845,1.0
Clc1ccc2c(c1)C(N1CCNCC1)=Nc1ccccc1O2,-1.14217154929503,1.7607420639230833,-1.5182772134200138,0.1636207005833437,0.7669558283791197,0.23209512729935824,-0.11491838038780144,-0.22550451941351152,1.0
ClC1=C(Cl)C2(Cl)C3C(Cl)C=CC3C1(Cl)C2(Cl)Cl,-0.09318094255721987,-0.4096868242571334,-1.6181859656444286,-0.1581619175135566,-0.3019402231924355,-0.22875614784751008,0.12662838496539497,-0.27427226905534985,1.0
ICCc1ccccc1,-1.059645228918315,-0.5292701034946964,-0.46570883766123605,1.073446635893809,0.08260154538074617,0.6012137634815534,-0.3635920848647262,0.2570698281250568,1.0
CC=Cc1ccc(O)c(OC)c1,-0.5847264635411777,-0.4824408536231448,0.2555581449152445,-0.44650132843213536,-0.9231318963901471,-1.2656475139529972,-0.3236338039632394,0.15187494914504202,1.0
OCCN1CCNCC1,-0.1410173009412903,-0.6255595868642355,-0.9631031526674982,0.11549703879358625,1.1955197144272494,-0.2565791682829719,0.303405767834529,-0.05475341000075383,1.0
CCCCC(CC)COC(=O)C=Cc1ccc(OC)cc1,0.24287890486846683,-1.3081815939932568,2.050024951450043,-1.0989895534153538,0.33979294992595405,0.12769185339816957,-0.4559484521705707,0.02033482109102932,1.0
CCCCCCCCCCCCCCn1cc[n+](C)c1.F[P-](F)(F)(F)(F)F,-0.2931823295773679,-1.7779987541911315,-0.5276668934400908,-1.0212639839422386,2.0280376537655767,0.11132877275026831,-0.36589204924025787,0.3741909530148295,1.0
O=C(c1ccccc1)c1ccc(O)c(O)c1O,-0.8314230345076987,-0.39384639218034345,0.2858501225056036,1.1684019231834555,-1.3624236368996197,0.7807757063684972,-0.13288748069151907,-0.4766385875086772,1.0
CCCC[P+](C)(CCCC)CCCC.COS(=O)(=O)[O-],0.33720830135781504,-1.7633709034724359,0.4239857560200327,-1.0898805262562654,1.2114195041597975,0.0416851380647583,0.36761133084666875,0.08669336610026436,1.0
Cc1coc2c1CCC(C)C2,0.6591930371392366,-0.4215527829139979,-1.0537204646510356,0.42261684804714567,0.35998697067374363,-0.8683946449897428,0.3981638795003945,-0.0990323406110504,1.0
CCCCC(=O)Cl,0.42493992083551496,-1.8019129234550466,0.06961900637228348,-0.8835320294999853,0.5132588285327796,0.6035173816776399,-0.24473789725108233,-0.198698405367828,1.0
CC[C@@H](C(=O)[C@@H](C)[C@@H](O)[C@H](C)[C@@H]1O[C@@H]([C@@H](CC)C(=O)[O-])CC[C@@H]1C)[C@H]1O[C@]2(C=C[C@@H](O)[C@]3(CC[C@@](C)([C@H]4CC[C@](O)(CC)[C@H](C)O4)O3)O2)[C@H](C)C[C@@H]1C.[Na+],2.509521805471222,-0.1606220680896588,0.3207941600387488,-0.4265057907523154,0.6838601614903735,0.8632993855627142,2.5675111036684664,0.3414345263725942,1.0
CC[C@@H](C(=O)[C@@H](C)[C@@H](O)[C@H](C)CCc1ccc(C)c(O)c1C(=O)[O-])[C@H]1O[C@](CC)([C@H]2CC[C@](O)(CC)[C@H](C)O2)C[C@@H]1C.[Na+],1.5966143420765504,-0.0518013115713888,0.6764001741403997,-0.20878389020153493,0.23590441456620964,0.7860411186526711,2.1003967486897372,-0.2935821111202692,1.0
CO[C@@H]1[C@@H](OC)[C@H](C)[C@@](O)(CC(=O)[O-])O[C@H]1[C@H](C)[C@H]1O[C@@]2(CC[C@@](C)([C@H]3CC[C@@](C)([C@@H]4O[C@@H]([C@H]5O[C@](C)(O)[C@H](C)C[C@@H]5C)C[C@@H]4OC4C[C@H](OC)[C@@H](OC)[C@H](C)O4)O3)O2)C[C@H](O)[C@H]1C.[NH4+],2.898359081253872,0.18196878735130714,0.35921516199525133,-0.7353108895134066,1.0571423715254598,0.40349101076810384,2.30482249965794,0.10406540245682655,1.0
Cc1cc(/C=C/c2ccc3cc(N(C)C)ccc3[n+]2C)c(C)n1-c1ccccc1.Cc1cc(/C=C/c2ccc3cc(N(C)C)ccc3[n+]2C)c(C)n1-c1ccccc1.O=C([O-])c1cc2ccccc2c(Cc2c(O)c(C(=O)[O-])cc3ccccc23)c1O,-0.8141237875923659,0.3115071760843725,0.8119797783254433,1.1913572842983968,-0.35593916016957217,0.39540055265918717,-0.15840001338391818,0.891592406674371,1.0
CC(C)(C)[C@]1(O)CCN2C[C@H]3c4ccccc4CCc4cccc(c43)[C@@H]2C1.Cl,0.31913453089106897,0.5616402336744001,-0.4511267308914056,1.2285327099331849,0.6228792455584776,-0.537407433895224,-0.4021722788233898,-0.7214496373602143,1.0
CC(Cc1cccc(C(F)(F)F)c1)NCCOC(=O)c1ccccc1.Cl,-0.4485273804766494,0.18799287238775966,2.0861748334881653,0.34387105614871605,-0.5527733777467806,1.2001297284785781,0.003634250487019516,0.11003979067161193,1.0
Cl.Nc1ccc(N=Nc2ccccc2)c(N)n1,-1.2728160163617177,-0.10525779515656497,-0.4208693822423135,1.2341380012592085,-0.1248819884837568,-0.29614890688900386,0.27871001265004625,0.6925788573731213,1.0
O=C(CCl)C(Cl)Cl,-0.2012104513165189,-1.0792713637567537,-0.4042624172411158,-0.520526575007715,-0.2284236241903955,0.6225598969979566,0.4987137621736574,-0.0519492959526293,1.0
Cc1cc(N)c2ccccc2[n+]1CCCCCCCCCC[n+]1c(C)cc(N)c2ccccc21.[Cl-].[Cl-],-1.0718151247163676,-0.4297051772971506,-0.11498461171257611,0.6681424756137111,0.4555576576673885,-0.14606475581085968,-0.38646479174740106,0.581194023829053,1.0
C[C@@H]1C[C@H]2[C@@H]3CCC4=CC(=O)C=C[C@]4(C)[C@@]3(F)[C@@H](O)C[C@]2(C)[C@@]1(O)C(=O)COP(=O)([O-])[O-].[Na+].[Na+],4.372242797732618,0.7077976798096701,-0.5940489403215987,-0.0025489566979227463,-1.0090249608154,0.6861762040985007,-1.0669087136346502,2.063389842686843,1.0
CC[Hg]Sc1ccccc1C(=O)[O-].[Na+],-0.41780420356679865,-0.6103270106128666,0.6939195779063683,0.6464567479748449,-0.3087623371151732,0.998867070843439,0.0004210475028351227,0.02646344587547383,1.0
O=[N+]([O-])c1ccc(Nc2ccccc2)cc1,-0.8439298943947076,-0.11001897621824579,-0.44706220843582495,1.2111735146538722,-0.9986589756796591,0.6083839371830663,0.4474934791627629,-0.09384809627620425,1.0
CCCCCC(=O)O[C@]1(C(C)=O)CC[C@H]2[C@@H]3CCC4=CC(=O)CC[C@]4(C)[C@H]3CC[C@@]21C,3.3228756938167554,-0.6862913327558126,0.23652386123706734,-0.6579294869341664,0.44246651495626244,-0.6777187190936924,-1.5745639882747666,-1.6786028054010886,1.0
CC(=O)OCC(=O)[C@@]1(OC(C)=O)[C@@H](C)C[C@H]2[C@@H]3C[C@H](F)C4=CC(=O)C=C[C@]4(C)[C@@]3(F)[C@@H](O)C[C@@]21C,4.054374857458713,0.567241893258389,-0.32678097364996245,-0.05051340322947632,-1.0797463401435512,0.5655448876767286,-1.2251370938350372,2.0224176051347778,1.0
CC(C)OC(=O)Nc1ccc2[nH]c(-c3cscn3)nc2c1,-0.4847138052423948,0.8012444327016104,1.4397726710741903,-0.46160661101189243,-0.668112675320354,-0.8039962869821594,1.009566408649689,0.5570115487646361,1.0
CCCCC(=O)OCC(=O)[C@]1(O)Cc2c(O)c3c(c(O)c2[C@@H](O[C@H]2C[C@H](NC(=O)C(F)(F)F)[C@H](O)[C@H](C)O2)C1)C(=O)c1c(OC)cccc1C3=O,2.4036654811882125,0.2967389313396167,1.4423287093546602,-0.5078026548103788,0.6861188532830638,0.5271182624189525,0.16068853238913278,-0.15491462050077073,1.0
C#C[C@]1(OC(=O)CCCCCC)CC[C@H]2[C@@H]3CCC4=CC(=O)CC[C@@H]4[C@H]3CC[C@@]21C,2.848482356693878,-0.9049543216046093,0.24906054079121243,-0.8077511535935369,0.6869991713397725,-0.3924030486103686,-1.0946508497502905,-1.8429372260193904,1.0
CCOc1cc(-c2nccc3cc(OC)c(OC)cc23)cc(OCC)c1OCC,-0.6122551315829806,0.28263849400032753,0.7023633804198506,-0.7717598953869866,0.31692621262452625,-1.754654337992178,-0.7538679119754385,1.4414103644831049,1.0
CN1CCC(Nc2ncc3ncnc(Nc4ccc(F)c(Cl)c4)c3n2)CC1.Cl.Cl,-0.6365434471126189,1.9908813194798056,-0.669265579191652,-0.64493584208445,0.9003985486301133,-1.345384938289047,0.08127861541509697,-0.33116945683233523,1.0
O=C1Nc2ccc(Cl)cc2[C@@](C#CC2CC2)(C(F)(F)F)O1,0.3581171546955119,1.2774273835677772,-1.629633437973033,-0.48454681019821594,0.008500881161670708,-0.05606369958057964,0.4066485075726454,-1.240006786781155,1.0
Nc1ccc(O)cc1,-0.8035017088466377,-0.9287332841267546,-0.6027691525270574,0.1577331729920997,-0.8959833370100875,-0.46675022291200463,0.2557586201928734,-0.06746510747598683,1.0
Nc1nc2nc[nH]c2c(=S)[nH]1,-0.7533898413907346,-0.4639273069129805,-0.718063616802018,0.2520025550207004,0.1997313568801376,-1.1859532120899117,0.7172408743357374,0.6985565504916723,1.0
CCCCc1ccc2[nH]c(NC(=O)OC)nc2c1,-0.16545398177480372,-0.2242441078642357,1.8598639226584084,-0.9641179309506752,0.4120464104657236,-0.7205331948096565,-0.2705965833097913,0.4537567089594237,1.0
O=c1c2ccccc2[se]n1-c1ccccc1,-0.7694047237500352,0.09449507636743473,-0.5032470029998302,1.6276473514904946,0.22083831207363772,0.2707808979375796,0.04566936442499724,0.20840039361451326,1.0
CC(C)(C)CC(C)(C)c1ccc(O)cc1,-0.581863583438696,-1.005327491048561,-0.22536348376485768,-0.08306073385910268,-0.5134017187788086,-0.31800857137708055,-0.07626463354710018,0.09157914379744404,1.0
CN1CCc2cccc3c2[C@H]1Cc1ccc(O)c(O)c1-3,-0.21154995137233584,0.4585539526786358,-0.676377622613754,0.8644718716022297,0.31045121627491423,-0.6969870492091936,-0.1802835248066989,-0.8969054335342864,1.0
Cc1cc(-c2ccc(/N=N/c3ccc4c(S(=O)(=O)[O-])cc(S(=O)(=O)[O-])c(N)c4c3O)c(C)c2)ccc1/N=N/c1ccc2c(S(=O)(=O)[O-])cc(S(=O)(=O)[O-])c(N)c2c1O.[Na+].[Na+].[Na+].[Na+],-0.47173091585895827,-0.35398939667588075,0.0431586104858208,0.1362233137911022,-1.092210058737998,-0.7538251588794634,1.0669307274202298,0.445252247380122,1.0
C[C@@H]1C[C@H]2[C@@H]3CCC4=CC(=O)C=C[C@]4(C)[C@@]3(F)[C@@H](O)C[C@]2(C)[C@@]1(O)C(=O)COC(=O)c1cccc(S(=O)(=O)[O-])c1.[Na+],4.035304813734536,1.2873598149856054,0.10906301221321327,0.2779457519965044,-1.3727707876023145,1.0620506400682677,-1.5519039424131496,2.1395837423206117,1.0
C[Hg]Cl,-0.4897453767464511,-1.3524075681250922,-1.1850571365178812,-0.11967882935613482,-0.014147801381066229,-0.43034409255401423,-0.03683990731002135,0.1891017614549266,1.0
CC(C)C(=O)OCC(=O)[C@@]12O[C@H](C3CCCCC3)O[C@@H]1C[C@H]1[C@@H]3CCC4=CC(=O)C=C[C@]4(C)[C@H]3[C@@H](O)C[C@@]12C,4.692579057964196,0.6669980729942956,-0.7328498832436174,-0.016524945995158836,-0.5537812849405526,0.9946376167475317,-0.18712422210735277,1.6814229954385513,1.0
CCC(=O)OCC(=O)[C@@]1(OC(=O)CC)[C@H](C)C[C@H]2[C@H]3[C@H]([C@@H](O)C[C@@]21C)[C@@]1(C)C=CC(=O)C=C1C[C@H]3Cl,3.6510474941756117,0.23920080967251428,-0.4732309062047424,-0.028819091817828376,-0.47772420124896475,1.2199736831010661,-1.1251394044637975,1.2952405984853463,1.0
CCN(CC)CCC(=O)N1c2ccccc2Sc2ccc(Cl)cc21,-0.8716693545603255,0.9119571948687938,-0.029123549038790938,-0.2774209544708738,0.489678771528476,1.4785410299800124,-1.4688820950834454,-0.09448886088628579,1.0
Cl.Cn1ccc2cc3c(cc21)CCN3C(=O)Nc1cccnc1,-0.43636184417751817,1.3985534367010932,0.5566031377603283,0.4197084014044679,0.2984362581051369,-0.8157268352991892,0.09596981943932094,-0.16863432557462382,1.0
Oc1c(Cl)cc(Cl)c(Cl)c1Cc1c(O)c(Cl)cc(Cl)c1Cl,-0.8538598049468538,-0.3128919897480955,-1.1157465079842694,-0.8652970888655536,-0.7876549975939795,-0.06344350504611249,-0.002799544451222437,-0.3295408180048255,1.0
Cc1cc(C(C#N)c2ccc(Cl)cc2)c(Cl)cc1NC(=O)c1cc(I)cc(I)c1O,-0.7957764657263536,0.7868928514414154,0.0010135474038923922,-1.2050109475380812,-1.7502758816600386,0.6457698035347139,0.6817108843194731,-0.9701005581828621,1.0
O=c1[nH]c2ccccc2n1CCCN1CCC(n2c(=O)[nH]c3cc(Cl)ccc32)CC1,-0.289203075015358,1.9078640448851747,-1.1647439466307508,0.4558162052504957,1.7590602354821245,0.7934876286375001,-0.607128604704243,-1.083406679326814,1.0
CN(C)CC/C=C1\c2ccccc2Sc2ccc(Cl)cc21,-1.4514953567012385,0.6142630009515001,-0.934170023624588,-0.049580979611922205,0.2936819892042329,0.8287458257690734,-1.3343188524314276,0.06160011092890391,1.0
COc1ccc([C@@H]2Sc3ccccc3N(CCN(C)C)C(=O)[C@@H]2OC(C)=O)cc1,0.26526842774822157,0.765520084412293,1.2422851846363412,0.8925813687109544,0.7828315686760691,-0.12272181752936732,-1.276316314230121,-0.10457630689721124,1.0
COc1cccc(N(C)C(=S)Oc2ccc3c(c2)CCCC3)n1,-0.3604542596720285,0.6271111823144746,0.6215539826502363,0.19024666477198215,-0.18261259753351874,-2.1913646261914566,-0.8505135819110592,0.20363496805284978,1.0
C[C@]12C=CC(=O)N[C@@H]1CC[C@@H]1[C@@H]2CC[C@]2(C)[C@@H](C(=O)Nc3cc(C(F)(F)F)ccc3C(F)(F)F)CC[C@@H]12,1.9088007100878934,0.5817566929169172,0.09730878677625913,0.3054593656967915,-0.6846730913328116,-0.8923814528786974,0.26668548096141,-1.4154319659158594,1.0
CCc1oc2ccccc2c1C(=O)c1cc(I)c(O)c(I)c1,-0.38852881315623455,-0.254074665641507,0.7005293136238638,0.6949047087189424,-0.7532254923122039,0.5904588534374576,-0.006509750131115781,-0.24318786158458694,1.0
Cc1c(N)nc([C@H](CC(N)=O)NC[C@H](N)C(N)=O)nc1C(=O)N[C@H](C(=O)N[C@H](C)[C@@H](O)[C@H](C)C(=O)N[C@H](C(=O)NCCc1nc(-c2nc(C(=O)NCCCCNC(=N)N)cs2)cs1)[C@@H](C)O)[C@@H](O[C@@H]1O[C@@H](CO)[C@@H](O)[C@H](O)[C@@H]1O[C@H]1O[C@H](CO)[C@@H](O)[C@H](OC(N)=O)[C@@H]1O)c1cnc[nH]1.O=S(=O)(O)O.O=S(=O)(O)O,1.3816065971861735,0.6946784332204372,2.0307749426782142,-0.9306784780592048,1.2893806572945046,0.8208363765053351,5.31493779617005,1.488017546855158,1.0
Nc1ncn([C@H]2C[C@H](O)[C@@H](CO)O2)c(=O)n1,0.9167352924381508,0.47149519183769323,-0.6018276636239585,0.061617908775184305,0.9973296758729263,-0.1618851857641435,1.9729671906361554,0.6522126745162165,1.0
COc1ccc(N)cc1N.O=S(=O)(O)O,-0.457537078437977,-0.24234311415190732,0.683847589038084,-0.43908605906514,-0.7263139410388093,-1.1721773980890082,0.20346642755623828,0.1448794935527743,1.0
O=C(CCCCCCC(=O)Nc1ccccc1)NO,-0.5379638038763297,-0.5493176248068049,0.6575382723586022,1.0186909551528538,-0.39045299182642845,1.2923275616402805,-0.03203080441685744,-0.4575420204277746,1.0
CC(=O)Oc1ccccc1C(=O)Nc1ncc([N+](=O)[O-])s1,-0.5665396887678079,0.5758749285064284,1.2565908501447418,0.6429363812671431,-1.213184135882597,0.12564472493945916,0.289565441198185,-0.014852005320517118,1.0
Cc1c(Cl)cccc1Nc1ncccc1C(=O)O,-0.8979716254003272,0.7965797031033688,0.594864171188561,0.09080849980361914,-0.9484179377872379,0.18754618109099577,0.17178110033161315,-0.25826142032411226,1.0
CNC(=O)Oc1ccccc1C(=O)Nc1ccccc1,-0.5349095246442437,0.00696410409057792,1.2212387957104454,1.0134845549928417,-1.1839786417361982,0.5999519285769409,0.004876097818389948,-0.3732702896118678,1.0
O=C1C(=Cc2cccs2)CCCC1=Cc1cccs1,-0.2930395318138472,0.13681428023463302,-0.8814754195138179,0.950011690508322,0.42494976955508823,-0.20342044210582289,0.2474230227941295,-0.1487819111316192,1.0
O=c1n(CC2CO2)c(=O)n(CC2CO2)c(=O)n1CC1CO1,0.36692171598572476,-0.3773342319263822,-1.1103063638724815,0.23125827560623435,0.9073815114878333,-0.12892705855937556,0.6850058476215927,-0.16708690205531745,1.0
CCCCCCCCCCCCCCCCCCOCC(O)CO,0.19729731102186773,-2.176288307003135,0.3514467148556422,-1.167982483348207,1.1372910061895083,0.23706999685977018,-0.16785193504694332,-0.005299465426747345,1.0
Oc1ccc(Cl)cc1Cc1ccccc1,-1.5477519699942213,0.4191895087044743,-0.9015249632834166,-0.15512251893496998,-0.7658277412241523,1.116549158674567,-0.7923415062029838,-0.5091491003429393,1.0
C[C@]12C=CC(=O)C=C1CC[C@H]1[C@@H]3C[C@@H](O)[C@](O)(C(=O)CO)[C@@]3(C)C[C@H](O)[C@@]12F,4.106418796869126,0.5135900495023826,-1.0706777582962983,0.339696794235271,-0.7448914652288323,0.5986795248356963,-1.0330232948144185,1.713172851740241,1.0
C[C@]12C=CC(=O)C=C1[C@@H](F)C[C@@H]1[C@@H]2[C@@H](O)C[C@@]2(C)[C@H]1CC[C@]2(O)C(=O)CO,3.972022986637933,0.2729760074718995,-1.1545518097764245,0.3136143091848395,-0.5629961336470697,0.3096467035676494,-0.18208820243658114,0.8170791209787792,1.0
C[N+]1(C)CCCC(OC(=O)C(O)(c2ccccc2)c2ccccc2)C1.[Br-],0.26513342241850524,0.2913009019852178,0.6902889281678132,1.2042934676827182,0.0842092384313093,0.1932069677041821,-0.06871024327114583,-0.6923957496326254,1.0
O=S(=O)([O-])c1cc(O)c2c(N=Nc3ccc(Nc4ccccc4)c4c(S(=O)(=O)[O-])cccc34)cc(S(=O)(=O)[O-])cc2c1.[Na+].[Na+].[Na+],-1.041399832799728,0.2464376908975928,0.23115362621255003,1.2217619391860182,-1.3755212157153733,0.14735513509496467,0.9193936697906162,0.1864348468537481,1.0
CC#CCC(C)[C@H](O)/C=C/[C@@H]1[C@H]2c3cccc(CCCC(=O)[O-])c3O[C@H]2C[C@H]1O.[Na+],0.8422369750743708,-0.04269967868623919,0.8598239892634594,0.23045017663722756,0.6137201525515212,0.8188108537153332,1.449921277494595,-0.14567247149069565,1.0
O=C1OCCN1/N=C/c1ccc([N+](=O)[O-])o1,-0.2359118257742423,0.11537609024047718,-1.0286890264481152,0.6207224929251165,-0.029312867604396803,-0.28723509335978176,0.9948551308848753,-0.1096486511479286,1.0
CC(=O)[C@@]1(O)CC[C@H]2[C@@H]3C=C(Cl)C4=CC(=O)CC[C@]4(C)[C@H]3CC[C@@]21C,2.479325695752461,0.37725768994965303,-1.0554615549425883,0.006916662753647523,-0.7250788656110533,-0.8497307404752399,-0.5389672550493071,-1.9951723539195954,1.0
CC(=O)[C@H]1CC[C@H]2[C@@H]3C[C@H](C)C4=CC(=O)CC[C@]4(C)[C@H]3[C@@H](O)C[C@]12C,3.1680128403779806,0.03969817514618755,-0.8093476127146766,0.3187609369186014,-0.5591953745937376,-0.853161815387858,0.05266331352111266,-0.9809739891026354,1.0
CC(=O)Oc1ccc(C(c2ccc(OC(C)=O)cc2)c2ccccn2)cc1,-0.43929911261039095,0.3725952824905207,1.051895848011689,0.4934524459458087,-0.5309574490562118,-0.07107691248709992,-0.2819463055948848,0.3144539695866458,1.0
CC(=O)Oc1ccc2c(c1)CC[C@@H]1[C@@H]2CC[C@]2(C)[C@@H](O)CC[C@@H]12,2.042121511539112,0.337974365135788,0.3284832899749425,-0.22047865232222594,-0.6080634306456033,-1.3397776996918314,-0.868072195584371,-1.9813272283441867,1.0
Cc1c2ccccc2c(C)c2c1ccc1ccccc12,-0.993908784471231,-0.362353518430516,-0.38792906931112175,1.256622961647109,-0.09740803880060907,-0.46592627412798976,-0.14429264382939688,0.6193564738717596,1.0
CCCCCCC(=O)O[C@H]1CC[C@H]2[C@@H]3CC[C@H]4CC(=O)C=C(C)[C@]4(C)[C@H]3CC[C@]12C,2.626548608188701,-0.9036499287635509,0.371810672683254,-0.740395892173439,0.9658581448548365,-0.3986787258714777,-0.8361897529974949,-2.2570095098255765,1.0
CCCCCCC(=O)O[C@H]1CC[C@H]2[C@@H]3CCc4cc(O)ccc4[C@H]3CC[C@]12C,1.820311640676508,-0.41233814709314304,0.554817207488765,-1.2402644181082079,0.4135430060397868,-0.4930122363041631,-1.2953759806317242,-2.561030976871223,1.0
C#CCN(C)CCCOc1ccc(Cl)cc1Cl.Cl,-1.1484014519472885,0.5313002895036529,-0.48488037726576316,-1.7583475522619627,0.0878610498068266,-0.27808914864855117,-1.1858269000903996,-0.12455892656541759,1.0
CN[C@@H]1C[C@@H](c2ccc(Cl)c(Cl)c2)c2ccccc21.Cl,-0.6348728227003223,0.7231390800598039,-0.9109536889315576,0.34084654705673906,-0.081005442765281,-0.04447707588558255,-0.3708286372010164,-0.5908049928445763,1.0
CCOC(=O)COc1ccc2c(C)c(CCN(CC)CC)c(=O)oc2c1Cl.Cl,0.22101350877372175,-0.10171346648775449,0.9836139640396898,-0.9844689193802278,-0.04834585176850259,0.45875628956685033,-0.6511565604176583,0.11439569526074526,1.0
Cl.O=C1[C@H]2CCCC[C@H]2C(=O)N1CCCCN1CCN(c2nsc3ccccc23)CC1,-0.14400461208518,1.2178982809463756,-0.4408045629405569,1.4947423042459178,2.481459569459027,-0.05687884225342882,-0.22730718388229634,-0.3942339215394608,1.0
O=C1OC(O)C(C(Cl)Cl)=C1Cl,0.1168546137387301,-0.2323489639227752,-1.1210396041098256,0.10716980467644535,-0.17865792087730173,0.5710327017424135,0.895803480401829,-0.45700121958555195,1.0
CCOP(=O)(OCC)OC(=CCl)c1ccc(Cl)cc1Cl,-0.7888231955453678,0.5057452232119944,-0.02026986549424964,-1.8430956538386574,-0.49919536975736933,0.671571459019165,-0.4378792245012206,-0.5195007819186962,1.0
O=C1C(O)=C([C@H]2CC[C@H](c3ccc(Cl)cc3)CC2)C(=O)c2ccccc21,-0.2982971514721895,0.986331926720186,-1.213165391582582,0.5577053526545329,-0.24470627859167557,1.0011410678514652,0.033069118829177874,-1.284453894594303,1.0
CCCCCCC[N+](CC)(CC)CCCCc1ccc(Cl)cc1.Cc1ccc(S(=O)(=O)[O-])cc1,-0.5951501030829793,-0.8892264649735815,-0.2169933831120829,-1.3468484215775116,0.6652993635015463,0.7915284987252045,-0.4086226333724612,-0.16624152647760043,1.0
O=S1OCC2C(CO1)C1(Cl)C(Cl)=C(Cl)C2(Cl)C1(Cl)Cl,0.4159500184723789,-0.2534387443183868,-1.6252309017884923,-0.09444198561834602,0.04877412673425139,-0.19115082171364803,0.5174377895170688,-0.7686700537258555,1.0
Clc1ccc2c(c1)CCc1cccnc1C2=C1CCNCC1,-1.2673458462216225,1.4523449910772934,-1.4293540186195384,-0.22236899329521181,0.09068044349328096,-0.4288841931794008,-0.34273653758238976,-0.25391654672743263,1.0
Cc1nnc2n1-c1sc(Br)cc1C(c1ccccc1Cl)=NC2,-1.2518294646206929,1.1599777431482081,-0.8003070002765116,0.5079400610955194,0.5073119526867934,-0.4982976118178088,-0.614186085230487,-0.07143219737251155,1.0
CN1[C@@H]2CC[C@H]1CC(OC(=O)c1c[nH]c3ccccc13)C2,0.31109364282893276,0.7356499336092946,0.5855307358981277,1.1198667653642316,0.3837942557565517,0.4198934783522057,0.3272337676499739,-0.6735833874261691,1.0
O=c1[nH]c(=O)n([C@H]2C[C@H](O)[C@@H](CO)O2)cc1I,1.126886453812408,0.1588894557426886,-1.019443684177048,0.28183882916452735,0.9058031148244093,0.2556403500315649,1.9709259475090166,0.08434384108506526,1.0
O=C1OC2(c3ccccc31)c1cc(I)c(O)c(I)c1Oc1c2cc(I)c(O)c1I,-0.4236521229136618,0.36360091274996176,-0.6890580008130818,0.9225238114293031,-0.8495796087010765,0.19627345942342164,0.3459321321991362,-0.6616336692041288,1.0
CCOC(=O)c1cccc(N)c1.CS(=O)(=O)O,-0.2735230127915759,-0.2985697011517147,1.7555355930197571,-0.21794899881896185,-0.6931475509346068,0.3956196991565128,-0.19827000008138215,0.0019517078915408865,1.0
Cc1ccc(-c2cc(C(F)(F)F)nn2-c2ccc(S(N)(=O)=O)cc2)cc1,-0.7349479910434149,0.26037398746300855,-0.03299686149157883,0.04768113704998984,-0.17970038724988685,-1.076374077082627,0.8658498782735373,0.6561041766901133,1.0
CCCc1nc2c(C)cc(-c3nc4ccccc4n3C)cc2n1Cc1ccc(-c2ccccc2C(=O)O)cc1,-0.8414356336592876,0.898423793323485,1.2603049125429306,0.7137832661701433,0.7682184975326245,0.4377289130975683,-0.11583567749382603,0.2870694865350189,1.0
O=C(O)Cc1sc(-c2ccccc2)nc1-c1ccc(Cl)cc1,-1.0871784994819151,0.9402487160332309,0.08931629445038769,0.27979799332276356,-0.38215316655604487,1.3730545444576514,-0.26609474383353837,0.1654467757961768,1.0
O=C1c2ccccc2-c2n[nH]c3cccc1c23,-0.6814249982076294,0.382952857002779,-0.5163617234560496,1.284570835982207,0.11461265902211384,0.22987916626091953,0.2055829804205878,0.26928634763287895,1.0
Oc1c(Br)cc(Br)c2cccnc12,-1.1586219457217302,0.27493533162483147,-0.4838341851131411,0.44059100404829044,-0.7573699235592749,-0.8810409056613111,0.1495466467318536,0.7058279740266782,1.0
CCCCOC(=O)c1ccc(O)cc1,0.03821141610418943,-1.4933113931386228,1.5516820363635344,-0.8987763049219222,-0.24875397399838023,0.46985427844714883,-0.9642162600360654,-0.387107247138665,1.0
CCCCCCOC(=O)c1ccc(O)cc1,0.049968940580361526,-1.7194622796439525,1.4465166409480599,-0.9669587967046817,-0.07592985794547069,0.6239990845529833,-0.9355883933923101,-0.43965961451684793,1.0
CC(CCc1ccc(O)cc1)NCCc1ccc(O)c(O)c1,-0.805621450856581,-0.6171482223928515,0.16616893304747876,-0.5128017863877488,-0.5404599827832258,-0.08763484125404965,0.3210340871362503,0.15028635482490618,1.0
Oc1ccc(Cl)cc1Cc1cc(Cl)ccc1O,-1.2317954964351883,0.14278791414965217,-1.230715597986296,-1.070504059564281,-0.9286989304242905,0.38801723028971724,-0.4348384698712298,-0.4623970708331108,1.0
OCCN1CCN(CCCN2c3ccccc3Sc3ccc(Cl)cc32)CC1,-1.207461261081593,1.4100688343559495,-1.0959842208157158,0.0947106057053902,1.602487889861059,0.9790634988921114,-1.134346059691493,-0.47087310101086616,1.0
Clc1ccc(CO/N=C(\Cn2ccnc2)c2ccc(Cl)cc2Cl)c(Cl)c1.O=[N+]([O-])O,-1.3814081140756007,1.874258193079723,-0.9526927467420693,-2.641627003523838,-0.5091296012896849,1.1216342527805176,0.21834115623624228,-0.006025222265527098,1.0
O=c1[nH]c(=O)n([C@H]2C[C@H](O)[C@@H](CO)O2)cc1Br,1.123439173366074,0.12026360130080163,-1.0354817433454457,0.3604528544625741,0.9522648752447477,0.14992931655005828,1.9429987659773502,0.11395140769853657,1.0
C#C[C@]1(O)CC[C@H]2[C@@H]3CCC4=CCCC[C@@H]4[C@H]3C(=C)C[C@@]21CC,1.5251260377836886,-0.6278527420692602,-0.7839778190753841,-0.19417809275641973,0.43313232505623706,-0.590148305027071,-0.1751909905774801,-0.852938388378037,1.0
CC(=O)O.Cc1c(-c2ccc(O)cc2)n(Cc2ccc(OCCN3CCCCCC3)cc2)c2ccc(O)cc12,-0.12197857803395608,1.1599754400721949,1.461128562293865,-0.1073374004270787,0.43338692264110645,-0.6618592505391021,-0.9238021023335745,-0.495552092137663,1.0
CCC(C)n1ncn(-c2ccc(N3CCN(c4ccc(OC[C@H]5CO[C@](Cn6cncn6)(c6ccc(Cl)cc6Cl)O5)cc4)CC3)cc2)c1=O,0.2995253148148909,2.6161781220638645,0.019222309300352847,-2.2508803952147827,1.4643134901382855,-0.17764235796530908,-0.2124155800006351,-0.5608650126078796,1.0
CCC(=O)O[C@H]1CC[C@H]2[C@@H]3CCc4cc(O)ccc4[C@H]3CC[C@]12C,1.6734192855302283,0.31429840216419436,0.3095071328266699,-0.7881876024663047,-0.31293325820239326,-0.719916851440125,-0.9891083316160098,-2.1989465858124593,1.0
CCN(CC)CCSC(=O)C(c1ccccc1)c1ccccc1,-0.440145598705039,-0.5416439745643191,0.8419419578261521,0.7190494066754278,0.03306848031686858,1.2884548581463755,-0.4756535514598604,0.1263625260980847,1.0
CCOP(=S)(OCC)SCn1nnc2ccccc2c1=O,-0.36215138903651845,0.16803572683703233,0.5144447180361977,0.5820795382691752,0.6218895702022779,0.14626800959666095,-0.4738780130634933,0.49826194790142997,1.0
CN(C)CCC=C1c2ccccc2C=Cc2ccccc21.Cl,-0.7473627734935542,-0.53070482511086,-0.41484494435443986,1.002310171375708,0.3001405588847902,0.22614345305548725,-0.9830702575368686,0.7073308176453326,1.0
Cl.N=C(N)NC(=N)NCCc1ccccc1,-1.0231895214822162,-0.409241881233766,0.03712816002368725,0.9492823959244211,-0.18982851328244976,0.808762548463516,0.21485639351152058,0.22197361495794443,1.0
Clc1ccc(C(c2ccccc2Cl)C(Cl)Cl)cc1,-1.3406051261782252,0.46142591940067984,-1.4408266794942848,-0.07040457559591674,-0.3333608770600221,1.0159627183750644,-0.21538312763932782,-0.1636664725105487,1.0
CN1CCN(C2=Nc3cc(F)ccc3Cc3ccccc32)CC1,-0.8367037518765089,1.0810313461309473,-0.5676439761560037,1.2190060451847382,1.3360043073342982,-0.7273329298785048,-0.48965033461638896,-0.03544071011171741,1.0
CN1CCCCC1CCN1c2ccccc2Sc2ccc(S(C)=O)cc21,-0.21912439016239713,1.0359204820877628,-0.3042868707538582,1.1202368212150402,1.8287422731659406,0.06303126395398881,-0.5565189790981725,-0.38968919916089206,1.0
CCCOC(=O)c1ccc(N)cc1,-0.0008120618996828743,-1.1424949526042056,1.4583559410353828,-0.5556919175985536,-0.3650324080317259,0.4315229211415133,-0.44558165478165324,0.08173211823422728,1.0
CCOc1ccc2nc(S(N)(=O)=O)sc2c1,-0.6825055670713276,0.13753876376525953,1.0240396564403136,-0.6661222674380325,0.22168480112636388,-1.1689174009263206,-0.3003743983090068,0.9168574300544291,1.0
COc1ccc(C(=O)c2ccc(C)cc2)c(O)c1,-0.33173461775554075,-0.14461751821447147,1.3524245261991086,-0.4086499757117065,-1.5363939182466657,-1.0642198658596722,-0.4570000583240419,-0.29166899385177475,1.0
CC1(C)[C@@H](O)CC[C@]2(C)[C@H]3C(=O)C=C4[C@@H]5C[C@@](C)(C(=O)O)CC[C@]5(C)CC[C@@]4(C)[C@]3(C)CC[C@@H]12,2.4281003900728613,-0.04163383587658529,-0.5456348630128639,0.7328447671712244,-0.5531704380157924,-0.3302338954659963,0.42216450498126157,-1.2537435823020846,1.0
CCCCC(F)(F)[C@@]1(O)CC[C@H]2[C@@H](CC(=O)[C@@H]2CCCCCCC(=O)O)O1,1.9195202317629974,-1.1680616791092355,0.2547867008267495,-0.31373889126551263,1.2759673037699593,0.5174077280974146,0.40314871915552863,-1.4468619251659989,1.0
CCOC(=O)c1ccc(C#Cc2ccc3c(c2)C(C)(C)CCS3)nc1,0.6296770117017508,0.25182271528701405,1.4708586806749404,-0.6707729981741699,-0.19894880898673498,-0.4589769734737099,-0.6604716855333507,-0.41405369142562953,1.0
C[C@]12CCC(=O)C[C@@H]1CC[C@@H]1[C@@H]2CC[C@]2(C)[C@@H](O)CC[C@@H]12,2.2849922249180645,-0.5977267072854318,-1.1858934188626256,0.23141169178414947,0.16471386925554038,-0.9739751095908299,-0.023474024923860554,-1.8225174844451641,1.0
C[C@]12CCC(=O)C[C@@H]1CC[C@@H]1[C@@H]2CC[C@@]2(C)[C@H]1CC[C@]2(C)O,2.2510711949062356,-0.4448980601291568,-1.2348321368743669,0.3396838147774159,-0.09685067846990499,-1.0744409596481694,-0.030581104374894592,-1.7086260814816765,1.0
COc1cc(NC(C)CCCN)c2ncccc2c1.O=P(O)(O)O.O=P(O)(O)O,-0.6933857665069361,0.5874844235966871,1.8195073776747628,-0.4881462798858853,0.10661420146128937,-1.0688897731993288,0.38878843995613216,0.9476210625243946,1.0
O=C(NOC[C@H](O)CO)c1ccc(F)c(F)c1Nc1ccc(I)cc1F,-0.307873621513817,0.3929389643692815,1.0441208988153938,-0.5787471524204842,-0.7285901785155479,0.5046320013493002,0.8118115508894325,-0.42950960869958227,1.0
CCCCCCc1ccc(O)cc1O,-0.5793681064448682,-1.539298503542858,0.095778831806299,-0.9018907485892297,0.27194777756617544,-0.14632350632896118,-0.6138021545345315,-0.3092223890795578,1.0
CC(C)CCCCCCc1ccc(O)cc1,-0.5616399827840821,-1.1934862463642766,0.06410541159847435,-0.3547699250985412,0.093145942177356,0.1094832914232495,0.04025572176285065,0.0730143238429414,1.0
Oc1ccc(Cl)cc1Cc1cc(Cl)ccc1O,-1.2317954964351883,0.14278791414965217,-1.230715597986296,-1.070504059564281,-0.9286989304242905,0.38801723028971724,-0.4348384698712298,-0.4623970708331108,1.0
CN(C)c1ccc2nc3ccc(N(C)C)cc3[s+]c2c1.O.O.O.[Cl-],-1.0999757810489372,-0.07105619269145355,-0.628372732255866,-0.12928102551363133,-0.18585577578924453,-1.6910686437452407,-0.18957936521060167,1.6099642491324428,1.0
CO[C@H]1/C=C/O[C@@]2(C)Oc3c(C)c(O)c4c(O)c(c5c(nc6cc(C)ccn65)c4c3C2=O)NC(=O)/C(C)=C\C=C\[C@H](C)[C@H](O)[C@@H](C)[C@@H](O)[C@@H](C)[C@H](OC(C)=O)[C@@H]1C,1.4366249242152815,1.5956842827479991,0.7313917213740831,0.2875344028127755,-0.3392610896046494,-0.9643205051251681,1.3115523757743892,-0.024549218750074334,1.0
CC(C)NCC(O)COc1ccccc1-n1cccc1,-0.7609532094279847,0.08140130906408628,0.765294236976511,0.41755126035333884,0.6194065488842203,0.37277243033807816,-0.10986425760117251,0.5249673544603332,1.0
COCCOC(=O)C1=C(C)NC(C)=C(C(=O)OC(C)C)C1c1cccc([N+](=O)[O-])c1,0.446955926961804,0.43586892848993486,1.6863037315563103,-0.2323408825335122,-0.8197045591391067,0.29420576951793637,0.46256715146049726,-0.4864351867360594,1.0
Cc1cccc(N(C)C(=S)Oc2ccc3ccccc3c2)c1,-0.9323680834862784,-0.011444915346811947,0.5714451306656135,0.7509718031994972,-0.6161582725724627,-1.2712572112009126,-0.9680813982081053,0.5241962809049169,1.0
